impl,method,type,n,seed,status,seconds,allocation
coopgame-rs,nucleolus,1,4,0,ok,0.000334,22.33333333333337 13.333333333333314 130.5 46.833333333333314
coopgame-rs-full,nucleolus,1,4,0,ok,0.000303,22.33333333333337 13.333333333333314 130.5 46.833333333333314
CoopGame,nucleolus,1,4,0,ok,0.003000, 22.3333333333333  13.3333333333333 130.5000000000000  46.8333333333333
TUGLab,nucleolus,1,4,0,ok,0.120000, 22.3333333333333  13.3333333333333 130.5000000000000  46.8333333333333
coopgame-rs,prenucleolus,1,4,0,ok,0.000385,22.33333333333337 13.333333333333314 130.5 46.833333333333314
coopgame-rs-full,prenucleolus,1,4,0,ok,0.000301,22.33333333333337 13.333333333333314 130.5 46.833333333333314
CoopGame,prenucleolus,1,4,0,ok,0.004000, 22.3333333333333  13.3333333333333 130.5000000000000  46.8333333333333
TUGLab,prenucleolus,1,4,0,ok,0.169000, 22.3333333333333  13.3333333333333 130.5000000000000  46.8333333333333
coopgame-rs,nucleolus,1,4,1,ok,0.000381,21.625 49.75 103.75 102.875
coopgame-rs-full,nucleolus,1,4,1,ok,0.000322,21.625 49.75 103.75 102.875
CoopGame,nucleolus,1,4,1,ok,0.003000, 21.6250000000001  49.7499999999993 103.7499999999991 102.8749999999991
TUGLab,nucleolus,1,4,1,ok,0.124000, 21.625  49.750 103.750 102.875
coopgame-rs,prenucleolus,1,4,1,ok,0.000458,21.625 49.75 103.75 102.875
coopgame-rs-full,prenucleolus,1,4,1,ok,0.000388,21.625 49.75 103.75 102.875
CoopGame,prenucleolus,1,4,1,ok,0.002000, 21.6250000000001  49.7499999999993 103.7499999999991 102.8749999999991
TUGLab,prenucleolus,1,4,1,ok,0.177000, 21.625  49.750 103.750 102.875
coopgame-rs,nucleolus,1,4,2,ok,0.000348,60.666666666666664 83.83333333333334 128.83333333333334 60.66666666666667
coopgame-rs-full,nucleolus,1,4,2,ok,0.000331,60.666666666666664 83.83333333333334 128.83333333333334 60.66666666666667
CoopGame,nucleolus,1,4,2,ok,0.002000, 60.6666666666667  83.8333333333333 128.8333333333334  60.6666666666667
TUGLab,nucleolus,1,4,2,ok,0.134000, 60.6666666666667  83.8333333333333 128.8333333333333  60.6666666666667
coopgame-rs,prenucleolus,1,4,2,ok,0.000643,60.666666666666664 83.83333333333334 128.83333333333334 60.66666666666667
coopgame-rs-full,prenucleolus,1,4,2,ok,0.000423,60.666666666666664 83.83333333333334 128.83333333333334 60.66666666666667
CoopGame,prenucleolus,1,4,2,ok,0.003000, 60.6666666666667  83.8333333333333 128.8333333333334  60.6666666666667
TUGLab,prenucleolus,1,4,2,ok,0.161000, 60.6666666666667  83.8333333333333 128.8333333333333  60.6666666666667
coopgame-rs,nucleolus,1,5,0,ok,0.001125,95.16666666666669 100 82.33333333333334 143.16666666666666 64.33333333333333
coopgame-rs-full,nucleolus,1,5,0,ok,0.000928,95.16666666666669 100 82.33333333333334 143.16666666666666 64.33333333333333
CoopGame,nucleolus,1,5,0,ok,0.003000, 95.1666666666665 100.0000000000001  82.3333333333332 143.1666666666667  64.3333333333334
TUGLab,nucleolus,1,5,0,ok,0.113000, 95.1666666666666 100.0000000000000  82.3333333333333 143.1666666666667  64.3333333333333
coopgame-rs,prenucleolus,1,5,0,ok,0.001038,95.16666666666669 100 82.33333333333334 143.16666666666666 64.33333333333333
coopgame-rs-full,prenucleolus,1,5,0,ok,0.000926,95.16666666666669 100 82.33333333333334 143.16666666666666 64.33333333333333
CoopGame,prenucleolus,1,5,0,ok,0.002000, 95.1666666666665 100.0000000000001  82.3333333333332 143.1666666666667  64.3333333333334
TUGLab,prenucleolus,1,5,0,ok,0.181000, 95.1666666666667 100.0000000000000  82.3333333333333 143.1666666666667  64.3333333333333
coopgame-rs,nucleolus,1,5,1,ok,0.000532,43.28571428571429 82.14285714285714 93.85714285714285 89.28571428571428 73.42857142857143
coopgame-rs-full,nucleolus,1,5,1,ok,0.000481,43.2857142857143 82.14285714285712 93.85714285714283 89.28571428571429 73.42857142857144
CoopGame,nucleolus,1,5,1,ok,0.003000,43.2857142857143 82.1428571428571 93.8571428571429 89.2857142857143 73.4285714285714
TUGLab,nucleolus,1,5,1,ok,0.111000,43.2857142857143 82.1428571428571 93.8571428571429 89.2857142857143 73.4285714285714
coopgame-rs,prenucleolus,1,5,1,ok,0.000553,43.28571428571428 82.14285714285714 93.85714285714286 89.28571428571428 73.42857142857143
coopgame-rs-full,prenucleolus,1,5,1,ok,0.000476,43.2857142857143 82.14285714285712 93.85714285714283 89.28571428571429 73.42857142857144
CoopGame,prenucleolus,1,5,1,ok,0.003000,43.2857142857143 82.1428571428571 93.8571428571429 89.2857142857143 73.4285714285714
TUGLab,prenucleolus,1,5,1,ok,0.173000,43.2857142857143 82.1428571428571 93.8571428571428 89.2857142857144 73.4285714285715
coopgame-rs,nucleolus,1,5,2,ok,0.000968,52.16666666666666 111.83333333333333 68.66666666666666 107.33333333333333 103
coopgame-rs-full,nucleolus,1,5,2,ok,0.001014,52.16666666666666 111.83333333333333 68.66666666666666 107.33333333333333 103
CoopGame,nucleolus,1,5,2,ok,0.003000, 52.1666666666668 111.8333333333336  68.6666666666665 107.3333333333335 102.9999999999997
TUGLab,nucleolus,1,5,2,ok,0.111000, 52.1666666666667 111.8333333333333  68.6666666666667 107.3333333333333 103.0000000000000
coopgame-rs,prenucleolus,1,5,2,ok,0.000864,52.16666666666666 111.83333333333333 68.66666666666666 107.33333333333333 103
coopgame-rs-full,prenucleolus,1,5,2,ok,0.000887,52.16666666666666 111.83333333333333 68.66666666666666 107.33333333333333 103
CoopGame,prenucleolus,1,5,2,ok,0.002000, 52.1666666666668 111.8333333333336  68.6666666666665 107.3333333333335 102.9999999999997
TUGLab,prenucleolus,1,5,2,ok,0.164000, 52.1666666666666 111.8333333333333  68.6666666666666 107.3333333333333 103.0000000000000
coopgame-rs,nucleolus,1,6,0,ok,0.001826,113.11111111111107 81.16666666666667 52.500000000000085 73.66666666666661 64.44444444444449 51.111111111111065
coopgame-rs-full,nucleolus,1,6,0,ok,0.001643,113.11111111111113 81.16666666666664 52.49999999999997 73.6666666666667 64.44444444444444 51.111111111111114
CoopGame,nucleolus,1,6,0,ok,0.003000,113.1111111111111  81.1666666666667  52.5000000000001  73.6666666666666  64.4444444444444  51.1111111111111
TUGLab,nucleolus,1,6,0,ok,0.120000,113.1111111111111  81.1666666666666  52.5000000000000  73.6666666666667  64.4444444444443  51.1111111111111
coopgame-rs,prenucleolus,1,6,0,ok,0.001892,113.1111111111111 81.16666666666667 52.50000000000006 73.66666666666664 64.44444444444446 51.111111111111086
coopgame-rs-full,prenucleolus,1,6,0,ok,0.002241,113.11111111111113 81.16666666666664 52.49999999999997 73.6666666666667 64.44444444444444 51.111111111111114
CoopGame,prenucleolus,1,6,0,ok,0.003000,113.1111111111111  81.1666666666667  52.5000000000001  73.6666666666666  64.4444444444444  51.1111111111111
TUGLab,prenucleolus,1,6,0,ok,0.175000,113.1111111111111  81.1666666666669  52.4999999999999  73.6666666666667  64.4444444444443  51.1111111111111
coopgame-rs,nucleolus,1,6,1,ok,0.002077,45.49999999999999 61.50000000000003 52.000000000000014 106.99999999999999 70.5 72.50000000000003
coopgame-rs-full,nucleolus,1,6,1,ok,0.001926,45.49999999999998 61.49999999999998 52.00000000000002 106.99999999999999 70.50000000000001 72.50000000000003
CoopGame,nucleolus,1,6,1,ok,0.003000, 45.5000000000000  61.5000000000000  52.0000000000000 107.0000000000000  70.5000000000001  72.4999999999999
TUGLab,nucleolus,1,6,1,ok,0.156000, 45.5  61.5  52.0 107.0  70.5  72.5
coopgame-rs,prenucleolus,1,6,1,ok,0.002002,45.49999999999998 61.49999999999998 52.00000000000002 106.99999999999999 70.50000000000001 72.50000000000003
coopgame-rs-full,prenucleolus,1,6,1,ok,0.002044,45.49999999999998 61.49999999999998 52.00000000000002 106.99999999999999 70.50000000000001 72.50000000000003
CoopGame,prenucleolus,1,6,1,ok,0.003000, 45.5000000000000  61.5000000000000  52.0000000000000 107.0000000000000  70.5000000000001  72.4999999999999
TUGLab,prenucleolus,1,6,1,ok,0.172000, 45.5000000000000  61.5000000000000  52.0000000000001 106.9999999999999  70.4999999999999  72.5000000000000
coopgame-rs,nucleolus,1,6,2,ok,0.001388,32.00000000000004 63.999999999999986 52.99999999999998 55.000000000000014 103 117.99999999999999
coopgame-rs-full,nucleolus,1,6,2,ok,0.001285,32.00000000000002 64 53.00000000000001 55 102.99999999999997 117.99999999999999
CoopGame,nucleolus,1,6,2,ok,0.003000, 32  64  53  55 103 118
TUGLab,nucleolus,1,6,2,ok,0.113000, 32  64  53  55 103 118
coopgame-rs,prenucleolus,1,6,2,ok,0.001359,31.99999999999999 64.00000000000003 53.00000000000002 55.000000000000014 103.00000000000001 117.99999999999999
coopgame-rs-full,prenucleolus,1,6,2,ok,0.001235,32 64 53.00000000000001 55.00000000000001 103.00000000000001 118
CoopGame,prenucleolus,1,6,2,ok,0.003000, 32  64  53  55 103 118
TUGLab,prenucleolus,1,6,2,ok,0.175000, 32.0000000000000  63.9999999999997  52.9999999999998  55.0000000000001 103.0000000000002 118.0000000000001
coopgame-rs,nucleolus,1,7,0,ok,0.001759,66.99999999999997 89.33333333333339 93.66666666666676 95 86.33333333333339 93.33333333333333 71.33333333333326
coopgame-rs-full,nucleolus,1,7,0,ok,0.002757,66.99999999999999 89.33333333333331 93.66666666666667 94.99999999999997 86.33333333333333 93.33333333333337 71.33333333333331
CoopGame,nucleolus,1,7,0,ok,0.003000,67.0000000000000 89.3333333333334 93.6666666666667 95.0000000000000 86.3333333333333 93.3333333333333 71.3333333333333
TUGLab,nucleolus,1,7,0,ok,0.125000,67.0000000000000 89.3333333333334 93.6666666666666 95.0000000000000 86.3333333333333 93.3333333333334 71.3333333333333
coopgame-rs,prenucleolus,1,7,0,ok,0.001998,66.99999999999999 89.33333333333341 93.66666666666673 94.99999999999999 86.33333333333337 93.33333333333333 71.33333333333326
coopgame-rs-full,prenucleolus,1,7,0,ok,0.002870,66.99999999999999 89.33333333333331 93.66666666666667 94.99999999999997 86.33333333333333 93.33333333333337 71.33333333333331
CoopGame,prenucleolus,1,7,0,ok,0.003000,67.0000000000000 89.3333333333334 93.6666666666667 95.0000000000000 86.3333333333333 93.3333333333333 71.3333333333333
TUGLab,prenucleolus,1,7,0,ok,0.171000,66.9999999999998 89.3333333333335 93.6666666666669 94.9999999999999 86.3333333333335 93.3333333333334 71.3333333333329
coopgame-rs,nucleolus,1,7,1,ok,0.003343,107.54999999999998 74.42500000000001 107.19999999999999 105.17500000000001 84.97499999999998 52.60000000000004 94.07500000000003
coopgame-rs-full,nucleolus,1,7,1,ok,0.004428,107.55000000000004 74.42499999999998 107.20000000000005 105.17499999999994 84.975 52.60000000000004 94.07499999999999
CoopGame,nucleolus,1,7,1,ok,0.004000,107.5500000000000  74.4250000000001 107.2000000000000 105.1750000000001  84.9750000000000  52.5999999999999  94.0750000000001
TUGLab,nucleolus,1,7,1,ok,0.110000,107.5500000000000  74.4250000000000 107.2000000000000 105.1750000000000  84.9750000000001  52.6000000000000  94.0750000000000
coopgame-rs,prenucleolus,1,7,1,ok,0.003189,107.55000000000004 74.42499999999997 107.20000000000005 105.17499999999995 84.97500000000001 52.60000000000004 94.07499999999997
coopgame-rs-full,prenucleolus,1,7,1,ok,0.004612,107.55000000000004 74.42499999999998 107.20000000000005 105.17499999999994 84.975 52.60000000000004 94.07499999999999
CoopGame,prenucleolus,1,7,1,ok,0.004000,107.5500000000000  74.4250000000001 107.2000000000000 105.1750000000001  84.9750000000000  52.5999999999999  94.0750000000001
TUGLab,prenucleolus,1,7,1,ok,0.166000,107.5499999999999  74.4250000000001 107.1999999999998 105.1749999999997  84.9749999999999  52.6000000000003  94.0750000000002
coopgame-rs,nucleolus,1,7,2,ok,0.002618,98.49999999999994 94.49999999999997 79.5 103.66666666666667 93.83333333333337 105.66666666666669 100.33333333333336
coopgame-rs-full,nucleolus,1,7,2,ok,0.004689,98.5 94.5 79.5 103.66666666666669 93.83333333333334 105.66666666666667 100.33333333333331
CoopGame,nucleolus,1,7,2,ok,0.003000, 98.5000000000001  94.5000000000001  79.4999999999999 103.6666666666667  93.8333333333332 105.6666666666667 100.3333333333333
TUGLab,nucleolus,1,7,2,ok,0.153000, 98.4999999999998  94.4999999999997  79.5000000000000 103.6666666666669  93.8333333333335 105.6666666666662 100.3333333333334
coopgame-rs,prenucleolus,1,7,2,ok,0.002593,98.49999999999994 94.49999999999997 79.5 103.66666666666667 93.83333333333337 105.66666666666669 100.33333333333336
coopgame-rs-full,prenucleolus,1,7,2,ok,0.004598,98.5 94.5 79.5 103.66666666666669 93.83333333333334 105.66666666666667 100.33333333333331
CoopGame,prenucleolus,1,7,2,ok,0.003000, 98.5000000000001  94.5000000000001  79.4999999999999 103.6666666666667  93.8333333333332 105.6666666666667 100.3333333333333
TUGLab,prenucleolus,1,7,2,ok,0.187000, 98.4999999999999  94.4999999999998  79.5000000000001 103.6666666666669  93.8333333333332 105.6666666666669 100.3333333333332
coopgame-rs,nucleolus,1,8,0,ok,0.004331,56.45454545454545 86.72727272727272 58.90909090909091 85.63636363636364 74.36363636363636 51.27272727272727 86.18181818181819 104.45454545454545
coopgame-rs-full,nucleolus,1,8,0,ok,0.005738,56.45454545454547 86.72727272727272 58.909090909090914 85.63636363636363 74.36363636363637 51.272727272727266 86.1818181818182 104.45454545454548
CoopGame,nucleolus,1,8,0,ok,0.004000, 56.4545454545455  86.7272727272727  58.9090909090910  85.6363636363636  74.3636363636365  51.2727272727271  86.1818181818182 104.4545454545454
TUGLab,nucleolus,1,8,0,ok,0.113000, 56.4545454545455  86.7272727272727  58.9090909090909  85.6363636363636  74.3636363636364  51.2727272727273  86.1818181818182 104.4545454545455
coopgame-rs,prenucleolus,1,8,0,ok,0.003794,56.45454545454551 86.7272727272727 58.90909090909089 85.63636363636357 74.36363636363632 51.27272727272728 86.18181818181826 104.45454545454544
coopgame-rs-full,prenucleolus,1,8,0,ok,0.005618,56.454545454545396 86.72727272727276 58.909090909090835 85.6363636363636 74.36363636363637 51.27272727272724 86.18181818181824 104.45454545454552
CoopGame,prenucleolus,1,8,0,ok,0.003000, 56.4545454545455  86.7272727272727  58.9090909090910  85.6363636363636  74.3636363636365  51.2727272727271  86.1818181818182 104.4545454545454
TUGLab,prenucleolus,1,8,0,ok,0.181000, 56.4545454545455  86.7272727272727  58.9090909090910  85.6363636363637  74.3636363636363  51.2727272727273  86.1818181818181 104.4545454545454
coopgame-rs,nucleolus,1,8,1,ok,0.004176,74.95454545454548 91.49999999999999 114.68181818181817 119.31818181818173 91.63636363636363 83.81818181818188 96.13636363636358 102.95454545454547
coopgame-rs-full,nucleolus,1,8,1,ok,0.010035,74.95454545454547 91.5 114.68181818181822 119.31818181818183 91.6363636363636 83.81818181818178 96.13636363636363 102.95454545454541
CoopGame,nucleolus,1,8,1,ok,0.003000, 74.9545454545458  91.5000000000001 114.6818181818178 119.3181818181815  91.6363636363637  83.8181818181819  96.1363636363638 102.9545454545456
TUGLab,nucleolus,1,8,1,ok,0.126000, 74.9545454545454  91.5000000000000 114.6818181818182 119.3181818181818  91.6363636363636  83.8181818181818  96.1363636363636 102.9545454545455
coopgame-rs,prenucleolus,1,8,1,ok,0.003900,74.95454545454548 91.49999999999999 114.68181818181817 119.31818181818173 91.63636363636363 83.81818181818188 96.13636363636358 102.95454545454547
coopgame-rs-full,prenucleolus,1,8,1,ok,0.006606,74.95454545454547 91.5 114.68181818181822 119.31818181818183 91.6363636363636 83.81818181818178 96.13636363636363 102.95454545454541
CoopGame,prenucleolus,1,8,1,ok,0.003000, 74.9545454545458  91.5000000000001 114.6818181818178 119.3181818181815  91.6363636363637  83.8181818181819  96.1363636363638 102.9545454545456
TUGLab,prenucleolus,1,8,1,ok,0.175000, 74.9545454545451  91.4999999999993 114.6818181818186 119.3181818181829  91.6363636363637  83.8181818181816  96.1363636363634 102.9545454545455
coopgame-rs,nucleolus,1,8,2,ok,0.004300,108.5555555555555 84.81481481481484 82.35185185185188 88.14814814814812 35.1111111111112 37.66666666666663 64.20370370370375 127.1481481481481
coopgame-rs-full,nucleolus,1,8,2,ok,0.010762,108.5555555555555 84.81481481481477 82.35185185185189 88.14814814814817 35.111111111111086 37.66666666666674 64.20370370370374 127.14814814814814
CoopGame,nucleolus,1,8,2,ok,0.004000,108.5555555555555  84.8148148148151  82.3518518518517  88.1481481481479  35.1111111111116  37.6666666666663  64.2037037037037 127.1481481481479
TUGLab,nucleolus,1,8,2,ok,0.117000,108.5555555555556  84.8148148148148  82.3518518518519  88.1481481481482  35.1111111111111  37.6666666666667  64.2037037037037 127.1481481481481
coopgame-rs,prenucleolus,1,8,2,ok,0.006867,108.5555555555555 84.81481481481484 82.35185185185188 88.14814814814812 35.1111111111112 37.66666666666663 64.20370370370375 127.1481481481481
coopgame-rs-full,prenucleolus,1,8,2,ok,0.012805,108.55555555555559 84.81481481481481 82.35185185185188 88.14814814814818 35.111111111111086 37.66666666666663 64.20370370370367 127.14814814814812
CoopGame,prenucleolus,1,8,2,ok,0.004000,108.5555555555555  84.8148148148151  82.3518518518517  88.1481481481479  35.1111111111116  37.6666666666663  64.2037037037037 127.1481481481479
TUGLab,prenucleolus,1,8,2,ok,0.216000,108.5555555555557  84.8148148148146  82.3518518518516  88.1481481481479  35.1111111111110  37.6666666666667  64.2037037037039 127.1481481481486
coopgame-rs,nucleolus,1,9,0,ok,0.009316,93.64285714285717 71.07142857142861 95.9642857142857 58.000000000000014 82.60714285714285 87.46428571428571 90.60714285714286 95.2142857142857 68.42857142857144
coopgame-rs-full,nucleolus,1,9,0,ok,0.024509,93.64285714285715 71.07142857142858 95.96428571428572 58.00000000000001 82.60714285714283 87.46428571428572 90.60714285714286 95.2142857142857 68.42857142857144
CoopGame,nucleolus,1,9,0,ok,0.005000,93.6428571428573 71.0714285714282 95.9642857142855 58.0000000000005 82.6071428571427 87.4642857142854 90.6071428571427 95.2142857142855 68.4285714285710
TUGLab,nucleolus,1,9,0,ok,0.122000,93.6428571428572 71.0714285714285 95.9642857142857 58.0000000000000 82.6071428571429 87.4642857142857 90.6071428571429 95.2142857142857 68.4285714285714
coopgame-rs,prenucleolus,1,9,0,ok,0.008343,93.64285714285725 71.07142857142853 95.96428571428571 57.99999999999996 82.607142857143 87.46428571428575 90.60714285714279 95.21428571428574 68.42857142857139
coopgame-rs-full,prenucleolus,1,9,0,ok,0.020606,93.64285714285715 71.07142857142858 95.96428571428572 58.00000000000001 82.60714285714283 87.46428571428572 90.60714285714286 95.2142857142857 68.42857142857144
CoopGame,prenucleolus,1,9,0,ok,0.005000,93.6428571428573 71.0714285714282 95.9642857142855 58.0000000000005 82.6071428571427 87.4642857142854 90.6071428571427 95.2142857142855 68.4285714285710
TUGLab,prenucleolus,1,9,0,ok,0.192000,93.6428571428565 71.0714285714282 95.9642857142844 57.9999999999992 82.6071428571423 87.4642857142842 90.6071428571458 95.2142857142858 68.4285714285736
coopgame-rs,nucleolus,1,9,1,ok,0.007526,78.62500000000011 91.8750000000001 74.50000000000011 96.1249999999999 64.37499999999994 102.62500000000006 75.49999999999997 59.49999999999999 73.87499999999991
coopgame-rs-full,nucleolus,1,9,1,ok,0.021952,78.62499999999999 91.87499999999997 74.5 96.12499999999999 64.375 102.625 75.49999999999999 59.50000000000001 73.87500000000004
CoopGame,nucleolus,1,9,1,ok,0.007000, 78.6250000000000  91.8750000000001  74.4999999999999  96.1250000000001  64.3749999999999 102.6250000000002  75.4999999999998  59.5000000000001  73.8749999999998
TUGLab,nucleolus,1,9,1,ok,0.124000, 78.6249999999999  91.8750000000000  74.5000000000000  96.1249999999999  64.3750000000001 102.6249999999999  75.5000000000000  59.5000000000000  73.8750000000001
coopgame-rs,prenucleolus,1,9,1,ok,0.008370,78.625 91.87500000000004 74.50000000000003 96.12499999999997 64.37499999999999 102.62500000000001 75.49999999999997 59.49999999999999 73.875
coopgame-rs-full,prenucleolus,1,9,1,ok,0.022309,78.62499999999997 91.875 74.50000000000001 96.12499999999996 64.37500000000003 102.62500000000003 75.5 59.5 73.87499999999997
CoopGame,prenucleolus,1,9,1,ok,0.007000, 78.6250000000000  91.8750000000001  74.4999999999999  96.1250000000001  64.3749999999999 102.6250000000002  75.4999999999998  59.5000000000001  73.8749999999998
TUGLab,prenucleolus,1,9,1,ok,0.203000, 78.6249999999996  91.8749999999998  74.4999999999995  96.1250000000002  64.3749999999993 102.6250000000004  75.5000000000008  59.5000000000001  73.8750000000004
coopgame-rs,nucleolus,1,9,2,ok,0.008966,104.66666666666676 84.49999999999977 104.16666666666637 111.66666666666669 84.83333333333326 84.83333333333324 96.00000000000016 86.0000000000003 102.3333333333335
coopgame-rs-full,nucleolus,1,9,2,ok,0.024756,104.66666666666664 84.50000000000011 104.16666666666679 111.6666666666667 84.83333333333337 84.83333333333337 95.99999999999994 85.99999999999983 102.33333333333326
CoopGame,nucleolus,1,9,2,ok,0.007000,104.6666666666666  84.5000000000000 104.1666666666666 111.6666666666667  84.8333333333333  84.8333333333333  96.0000000000000  86.0000000000000 102.3333333333333
TUGLab,nucleolus,1,9,2,ok,0.129000,104.6666666666666  84.5000000000000 104.1666666666667 111.6666666666667  84.8333333333333  84.8333333333333  96.0000000000000  86.0000000000000 102.3333333333333
coopgame-rs,prenucleolus,1,9,2,ok,0.009070,104.66666666666676 84.49999999999977 104.16666666666637 111.66666666666669 84.83333333333326 84.83333333333324 96.00000000000016 86.0000000000003 102.3333333333335
coopgame-rs-full,prenucleolus,1,9,2,ok,0.024516,104.66666666666664 84.50000000000011 104.16666666666679 111.6666666666667 84.83333333333337 84.83333333333337 95.99999999999994 85.99999999999983 102.33333333333326
CoopGame,prenucleolus,1,9,2,ok,0.005000,104.6666666666666  84.5000000000000 104.1666666666666 111.6666666666667  84.8333333333333  84.8333333333333  96.0000000000000  86.0000000000000 102.3333333333333
TUGLab,prenucleolus,1,9,2,error:Execution halted,,
coopgame-rs,nucleolus,1,10,0,ok,0.011680,91.566666666666 98.50000000000075 106.16666666666693 95.79999999999963 98.73333333333296 93.20000000000029 86.10000000000014 94.99999999999999 79.89999999999985 96.03333333333339
coopgame-rs-full,nucleolus,1,10,0,ok,0.058433,91.56666666666658 98.50000000000013 106.16666666666671 95.79999999999998 98.73333333333325 93.20000000000002 86.10000000000005 94.99999999999999 79.89999999999998 96.03333333333333
CoopGame,nucleolus,1,10,0,ok,0.007000, 91.5666666666658  98.5000000000001 106.1666666666675  95.7999999999991  98.7333333333340  93.2000000000014  86.0999999999990  95.0000000000010  79.8999999999983  96.0333333333336
TUGLab,nucleolus,1,10,0,ok,0.153000, 91.5666666666652  98.4999999999995 106.1666666666674  95.7999999999999  98.7333333333337  93.2000000000016  86.0999999999990  95.0000000000010  79.8999999999991  96.0333333333336
coopgame-rs,prenucleolus,1,10,0,ok,0.018450,91.56666666666639 98.50000000000036 106.16666666666683 95.7999999999999 98.73333333333316 93.20000000000014 86.10000000000004 95 79.8999999999999 96.03333333333336
coopgame-rs-full,prenucleolus,1,10,0,ok,0.053921,91.56666666666658 98.50000000000013 106.16666666666671 95.79999999999998 98.73333333333325 93.20000000000002 86.10000000000005 94.99999999999999 79.89999999999998 96.03333333333333
CoopGame,prenucleolus,1,10,0,ok,0.007000, 91.5666666666658  98.5000000000001 106.1666666666675  95.7999999999991  98.7333333333340  93.2000000000014  86.0999999999990  95.0000000000010  79.8999999999983  96.0333333333336
TUGLab,prenucleolus,1,10,0,ok,0.204000, 91.5666666666650  98.4999999999983 106.1666666666635  95.7999999999935  98.7333333333372  93.2000000000040  86.0999999999957  95.0000000000066  79.8999999999975  96.0333333333387
coopgame-rs,nucleolus,1,10,1,ok,0.009569,88.80000000000003 95.9333333333334 84.26666666666668 97.26666666666658 91.06666666666668 91.66666666666674 89.33333333333333 91.33333333333331 90.59999999999998 81.73333333333336
coopgame-rs-full,nucleolus,1,10,1,ok,0.041850,88.79999999999984 95.93333333333366 84.26666666666675 97.26666666666648 91.06666666666666 91.66666666666715 89.33333333333302 91.3333333333331 90.59999999999962 81.73333333333355
CoopGame,nucleolus,1,10,1,ok,0.008000,88.8000000000000 95.9333333333328 84.2666666666666 97.2666666666670 91.0666666666667 91.6666666666665 89.3333333333333 91.3333333333335 90.6000000000003 81.7333333333330
TUGLab,nucleolus,1,10,1,ok,0.137000,88.8000000000000 95.9333333333334 84.2666666666667 97.2666666666667 91.0666666666667 91.6666666666667 89.3333333333334 91.3333333333333 90.5999999999999 81.7333333333333
coopgame-rs,prenucleolus,1,10,1,ok,0.010061,88.80000000000001 95.93333333333345 84.26666666666667 97.26666666666654 91.06666666666668 91.66666666666683 89.3333333333333 91.33333333333327 90.59999999999988 81.73333333333342
coopgame-rs-full,prenucleolus,1,10,1,ok,0.045324,88.79999999999984 95.93333333333366 84.26666666666675 97.26666666666648 91.06666666666666 91.66666666666715 89.33333333333302 91.3333333333331 90.59999999999962 81.73333333333355
CoopGame,prenucleolus,1,10,1,ok,0.008000,88.8000000000000 95.9333333333328 84.2666666666666 97.2666666666670 91.0666666666667 91.6666666666665 89.3333333333333 91.3333333333335 90.6000000000003 81.7333333333330
TUGLab,prenucleolus,1,10,1,error:Execution halted,,
coopgame-rs,nucleolus,1,10,2,ok,0.016674,93.92105263157886 72.31578947368456 72.31578947368448 106.4736842105261 82.6578947368423 80.52631578947326 80.05263157894717 78.39473684210492 60.236842105263406 79.1052631578951
coopgame-rs-full,nucleolus,1,10,2,ok,0.058138,93.92105263157885 72.31578947368418 72.31578947368412 106.4736842105264 82.65789473684212 80.5263157894738 80.05263157894743 78.39473684210529 60.236842105263165 79.10526315789464
CoopGame,nucleolus,1,10,2,ok,0.010000, 93.9210526315792  72.3157894736839  72.3157894736836 106.4736842105268  82.6578947368418  80.5263157894743  80.0526315789475  78.3947368421056  60.2368421052632  79.1052631578945
TUGLab,nucleolus,1,10,2,ok,0.141000, 93.9210526315783  72.3157894736843  72.3157894736841 106.4736842105264  82.6578947368423  80.5263157894737  80.0526315789473  78.3947368421053  60.2368421052632  79.1052631578950
coopgame-rs,prenucleolus,1,10,2,ok,0.015603,93.92105263157887 72.31578947368428 72.31578947368409 106.47368421052634 82.65789473684214 80.52631578947376 80.05263157894741 78.39473684210529 60.23684210526316 79.1052631578947
coopgame-rs-full,prenucleolus,1,10,2,ok,0.054657,93.92105263157885 72.31578947368418 72.31578947368412 106.4736842105264 82.65789473684212 80.5263157894738 80.05263157894743 78.39473684210529 60.236842105263165 79.10526315789464
CoopGame,prenucleolus,1,10,2,ok,0.010000, 93.9210526315792  72.3157894736839  72.3157894736836 106.4736842105268  82.6578947368418  80.5263157894743  80.0526315789475  78.3947368421056  60.2368421052632  79.1052631578945
TUGLab,prenucleolus,1,10,2,ok,0.217000, 93.9210526315838  72.3157894736859  72.3157894736848 106.4736842105205  82.6578947368395  80.5263157894685  80.0526315789455  78.3947368421016  60.2368421052668  79.1052631579030
coopgame-rs,nucleolus,1,11,0,ok,0.011696,101.87815126050411 85.36134453781517 97.75630252100851 83.78571428571428 64.29411764705894 77.42016806722685 92.09243697478985 79.08823529411765 77.81512605042013 100.02941176470588 72.47899159663864
coopgame-rs-full,nucleolus,1,11,0,ok,0.121937,101.87815126050407 85.36134453781521 97.75630252100866 83.78571428571442 64.29411764705912 77.42016806722668 92.09243697478962 79.08823529411767 77.8151260504201 100.02941176470573 72.47899159663858
CoopGame,nucleolus,1,11,0,ok,0.013000,101.8781512605043  85.3613445378150  97.7563025210083  83.7857142857143  64.2941176470586  77.4201680672270  92.0924369747899  79.0882352941177  77.8151260504202 100.0294117647060  72.4789915966387
TUGLab,nucleolus,1,11,0,ok,0.181000,101.8781512605040  85.3613445378151  97.7563025210085  83.7857142857142  64.2941176470588  77.4201680672268  92.0924369747899  79.0882352941175  77.8151260504202 100.0294117647059  72.4789915966386
coopgame-rs,prenucleolus,1,11,0,ok,0.012719,101.87815126050427 85.36134453781507 97.75630252100824 83.78571428571422 64.2941176470586 77.42016806722702 92.09243697479002 79.08823529411767 77.81512605042019 100.02941176470601 72.47899159663872
coopgame-rs-full,prenucleolus,1,11,0,ok,0.117343,101.87815126050418 85.36134453781513 97.75630252100842 83.78571428571435 64.29411764705883 77.42016806722688 92.09243697478989 79.08823529411768 77.81512605042025 100.02941176470581 72.4789915966386
CoopGame,prenucleolus,1,11,0,ok,0.013000,101.8781512605043  85.3613445378150  97.7563025210083  83.7857142857143  64.2941176470586  77.4201680672270  92.0924369747899  79.0882352941177  77.8151260504202 100.0294117647060  72.4789915966387
TUGLab,prenucleolus,1,11,0,error:Execution halted,,
coopgame-rs,nucleolus,1,11,1,ok,0.006998,99.62499999999987 97.62499999999993 98.75 102.00000000000027 100.50000000000001 98.74999999999996 100.12499999999987 101.50000000000013 102.00000000000004 98.37499999999974 97.74999999999991
coopgame-rs-full,nucleolus,1,11,1,ok,0.113460,99.62500000000003 97.62500000000009 98.74999999999997 101.99999999999994 100.5 98.75000000000001 100.12499999999997 101.49999999999993 101.99999999999996 98.37500000000009 97.75
CoopGame,nucleolus,1,11,1,ok,0.009000, 99.6250000000000  97.6250000000001  98.7500000000000 102.0000000000000 100.5000000000000  98.7500000000001 100.1249999999999 101.5000000000001 102.0000000000000  98.3749999999999  97.7499999999999
TUGLab,nucleolus,1,11,1,ok,0.164000, 99.625  97.625  98.750 102.000 100.500  98.750 100.125 101.500 102.000  98.375  97.750
coopgame-rs,prenucleolus,1,11,1,ok,0.009585,99.62499999999987 97.62499999999993 98.75 102.00000000000027 100.50000000000001 98.74999999999996 100.12499999999987 101.50000000000013 102.00000000000004 98.37499999999974 97.74999999999991
coopgame-rs-full,prenucleolus,1,11,1,ok,0.121277,99.62500000000003 97.62500000000009 98.74999999999997 101.99999999999994 100.5 98.75000000000001 100.12499999999997 101.49999999999993 101.99999999999996 98.37500000000009 97.75
CoopGame,prenucleolus,1,11,1,ok,0.009000, 99.6250000000000  97.6250000000001  98.7500000000000 102.0000000000000 100.5000000000000  98.7500000000001 100.1249999999999 101.5000000000001 102.0000000000000  98.3749999999999  97.7499999999999
TUGLab,prenucleolus,1,11,1,error:Execution halted,,
coopgame-rs,nucleolus,1,11,2,ok,0.016249,90.43333333333328 83.21666666666667 82.51666666666661 74.46666666666667 94.21666666666671 90.5166666666667 79.51666666666674 92.73333333333335 83.64999999999996 96.64999999999995 84.08333333333343
coopgame-rs-full,nucleolus,1,11,2,ok,0.124431,90.43333333333347 83.21666666666684 82.51666666666664 74.46666666666658 94.21666666666677 90.51666666666664 79.51666666666662 92.73333333333326 83.64999999999999 96.64999999999988 84.08333333333343
CoopGame,nucleolus,1,11,2,ok,0.021000,90.4333333333320 83.2166666666654 82.5166666666645 74.4666666666763 94.2166666666660 90.5166666666649 79.5166666666649 92.7333333333315 83.6499999999992 96.6499999999994 84.0833333333313
TUGLab,nucleolus,1,11,2,ok,0.191000,90.4333333333335 83.2166666666666 82.5166666666668 74.4666666666662 94.2166666666664 90.5166666666668 79.5166666666669 92.7333333333340 83.6500000000003 96.6500000000001 84.0833333333333
coopgame-rs,prenucleolus,1,11,2,ok,0.017111,90.4333333333333 83.21666666666658 82.51666666666668 74.46666666666655 94.21666666666655 90.5166666666667 79.5166666666667 92.73333333333338 83.65000000000003 96.65000000000005 84.0833333333333
coopgame-rs-full,prenucleolus,1,11,2,ok,0.136675,90.4333333333334 83.2166666666669 82.5166666666666 74.46666666666684 94.2166666666668 90.51666666666658 79.5166666666666 92.73333333333319 83.64999999999998 96.64999999999982 84.08333333333336
CoopGame,prenucleolus,1,11,2,ok,0.023000,90.4333333333320 83.2166666666654 82.5166666666645 74.4666666666763 94.2166666666660 90.5166666666649 79.5166666666649 92.7333333333315 83.6499999999992 96.6499999999994 84.0833333333313
TUGLab,prenucleolus,1,11,2,error:Execution halted,,
coopgame-rs,nucleolus,1,12,0,ok,0.024835,100.26744186046517 91.9302325581395 95.66279069767451 94.62790697674419 97.16279069767442 94.09302325581386 95.55813953488368 103.30232558139528 96.76744186046508 96.96511627906972 98.16279069767458 98.49999999999993
coopgame-rs-full,nucleolus,1,12,0,ok,0.281788,100.26744186046508 91.93023255813962 95.66279069767454 94.62790697674417 97.16279069767431 94.09302325581385 95.55813953488367 103.30232558139535 96.76744186046508 96.9651162790698 98.1627906976745 98.50000000000013
CoopGame,nucleolus,1,12,0,ok,0.020000,100.2674418604648  91.9302325581393  95.6627906976742  94.6279069767446  97.1627906976745  94.0930232558135  95.5581395348836 103.3023255813952  96.7674418604653  96.9651162790695  98.1627906976745  98.5000000000005
TUGLab,nucleolus,1,12,0,ok,0.246000,100.2674418604652  91.9302325581396  95.6627906976743  94.6279069767443  97.1627906976744  94.0930232558141  95.5581395348838 103.3023255813951  96.7674418604650  96.9651162790699  98.1627906976745  98.5000000000002
coopgame-rs,prenucleolus,1,12,0,ok,0.023779,100.2674418604653 91.93023255813931 95.66279069767442 94.6279069767444 97.16279069767452 94.09302325581382 95.55813953488392 103.30232558139527 96.76744186046501 96.9651162790695 98.16279069767455 98.4999999999998
coopgame-rs-full,prenucleolus,1,12,0,ok,0.285205,100.26744186046508 91.93023255813962 95.66279069767454 94.62790697674417 97.16279069767431 94.09302325581385 95.55813953488367 103.30232558139535 96.76744186046508 96.9651162790698 98.1627906976745 98.50000000000013
CoopGame,prenucleolus,1,12,0,ok,0.020000,100.2674418604648  91.9302325581393  95.6627906976742  94.6279069767446  97.1627906976745  94.0930232558135  95.5581395348836 103.3023255813952  96.7674418604653  96.9651162790695  98.1627906976745  98.5000000000005
TUGLab,prenucleolus,1,12,0,error:Execution halted,,
coopgame-rs,nucleolus,1,12,1,ok,0.022010,82.22580645161237 90.64516129032246 86.51612903225816 95.29032258064532 84.22580645161325 82.51612903225802 90.35483870967755 88.6451612903222 87.29032258064524 95.64516129032287 88.64516129032211 77.99999999999977
coopgame-rs-full,nucleolus,1,12,1,ok,0.281404,82.22580645161334 90.64516129032285 86.51612903225752 95.2903225806445 84.22580645161261 82.51612903225791 90.35483870967727 88.64516129032252 87.29032258064538 95.64516129032243 88.64516129032287 78.00000000000074
CoopGame,nucleolus,1,12,1,ok,0.017000,82.2258064516100 90.6451612903238 86.5161290322552 95.2903225806436 84.2258064516117 82.5161290322550 90.3548387096796 88.6451612903223 87.2903225806476 95.6451612903242 88.6451612903223 78.0000000000027
TUGLab,nucleolus,1,12,1,ok,0.266000,82.2258064516128 90.6451612903229 86.5161290322569 95.2903225806437 84.2258064516131 82.5161290322581 90.3548387096763 88.6451612903219 87.2903225806452 95.6451612903231 88.6451612903222 78.0000000000008
coopgame-rs,prenucleolus,1,12,1,ok,0.022174,82.22580645161264 90.64516129032249 86.51612903225796 95.2903225806453 84.22580645161318 82.516129032258 90.3548387096776 88.64516129032229 87.2903225806454 95.64516129032292 88.6451612903224 78.00000000000018
coopgame-rs-full,prenucleolus,1,12,1,ok,0.278817,82.22580645161318 90.64516129032278 86.51612903225767 95.29032258064481 84.2258064516127 82.51612903225791 90.35483870967735 88.64516129032259 87.29032258064534 95.64516129032248 88.64516129032278 78.00000000000048
CoopGame,prenucleolus,1,12,1,ok,0.018000,82.2258064516100 90.6451612903238 86.5161290322552 95.2903225806436 84.2258064516117 82.5161290322550 90.3548387096796 88.6451612903223 87.2903225806476 95.6451612903242 88.6451612903223 78.0000000000027
TUGLab,prenucleolus,1,12,1,error:Execution halted,,
coopgame-rs,nucleolus,1,12,2,ok,0.015380,93.29411764705884 90.70588235294115 78.52941176470593 89 94.94117647058827 87.88235294117642 89.58823529411768 85.4705882352942 93.8235294117647 100.05882352941168 90.35294117647051 96.3529411764706
coopgame-rs-full,nucleolus,1,12,2,ok,0.264537,93.29411764705877 90.70588235294115 78.52941176470596 88.99999999999994 94.94117647058823 87.88235294117636 89.58823529411764 85.47058823529414 93.82352941176467 100.05882352941173 90.35294117647062 96.35294117647064
CoopGame,nucleolus,1,12,2,ok,0.018000, 93.2941176470590  90.7058823529414  78.5294117647077  88.9999999999993  94.9411764705867  87.8823529411765  89.5882352941173  85.4705882352941  93.8235294117685 100.0588235294114  90.3529411764702  96.3529411764704
TUGLab,nucleolus,1,12,2,ok,0.245000, 93.2941176470580  90.7058823529400  78.5294117647063  88.9999999999992  94.9411764705898  87.8823529411753  89.5882352941171  85.4705882352949  93.8235294117649 100.0588235294122  90.3529411764726  96.3529411764708
coopgame-rs,prenucleolus,1,12,2,ok,0.016354,93.29411764705883 90.70588235294113 78.52941176470578 89.00000000000011 94.94117647058833 87.88235294117648 89.58823529411768 85.47058823529412 93.82352941176477 100.05882352941168 90.3529411764705 96.35294117647055
coopgame-rs-full,prenucleolus,1,12,2,ok,0.263925,93.29411764705877 90.70588235294115 78.52941176470596 88.99999999999994 94.94117647058823 87.88235294117636 89.58823529411764 85.47058823529414 93.82352941176467 100.05882352941173 90.35294117647062 96.35294117647064
CoopGame,prenucleolus,1,12,2,ok,0.018000, 93.2941176470590  90.7058823529414  78.5294117647077  88.9999999999993  94.9411764705867  87.8823529411765  89.5882352941173  85.4705882352941  93.8235294117685 100.0588235294114  90.3529411764702  96.3529411764704
TUGLab,prenucleolus,1,12,2,error:Execution halted,,
coopgame-rs,nucleolus,2,4,0,ok,0.000280,0 0 0 2
coopgame-rs-full,nucleolus,2,4,0,ok,0.000294,0 0 0 2
CoopGame,nucleolus,2,4,0,ok,0.003000, 1.61558713389268e-27  0.00000000000000e+00 -5.68434188608080e-14  2.00000000000006e+00
TUGLab,nucleolus,2,4,0,ok,0.109000,0 0 0 2
coopgame-rs,prenucleolus,2,4,0,ok,0.000409,-36.8 20.59999999999999 -14.400000000000006 32.599999999999994
coopgame-rs-full,prenucleolus,2,4,0,ok,0.000288,-36.8 20.6 -14.400000000000002 32.6
CoopGame,prenucleolus,2,4,0,ok,0.003000,-36.8  20.6 -14.4  32.6
TUGLab,prenucleolus,2,4,0,ok,0.152000,-36.8  20.6 -14.4  32.6
coopgame-rs,nucleolus,2,4,1,ok,0.000376,19.124999999999993 14.75 68.75000000000001 35.37499999999999
coopgame-rs-full,nucleolus,2,4,1,ok,0.000285,19.125 14.75 68.75 35.375
CoopGame,nucleolus,2,4,1,ok,0.003000,19.125 14.750 68.750 35.375
TUGLab,nucleolus,2,4,1,ok,0.107000,19.125 14.750 68.750 35.375
coopgame-rs,prenucleolus,2,4,1,ok,0.000410,19.125 14.75 68.75 35.375
coopgame-rs-full,prenucleolus,2,4,1,ok,0.000287,19.125 14.75 68.75 35.375
CoopGame,prenucleolus,2,4,1,ok,0.002000,19.125 14.750 68.750 35.375
TUGLab,prenucleolus,2,4,1,ok,0.158000,19.125 14.750 68.750 35.375
coopgame-rs,nucleolus,2,4,2,ok,0.000276,0 0 30 0
coopgame-rs-full,nucleolus,2,4,2,ok,0.000268,0 0 30 0
CoopGame,nucleolus,2,4,2,ok,0.002000, 0  0 30  0
TUGLab,nucleolus,2,4,2,error:Execution halted,,
coopgame-rs,prenucleolus,2,4,2,ok,0.000446,-51 43.5 22.5 15
coopgame-rs-full,prenucleolus,2,4,2,ok,0.000409,-51 43.5 22.5 15
CoopGame,prenucleolus,2,4,2,ok,0.003000,-51.0  43.5  22.5  15.0
TUGLab,prenucleolus,2,4,2,ok,0.195000,-51.0  43.5  22.5  15.0
coopgame-rs,nucleolus,2,5,0,ok,0.000438,37.25 5.25 5.5 41.5 20.5
coopgame-rs-full,nucleolus,2,5,0,ok,0.000462,37.25 5.250000000000001 5.499999999999999 41.5 20.5
CoopGame,nucleolus,2,5,0,ok,0.004000,37.25000000000001  5.24999999999990  5.50000000000011 41.50000000000001 20.50000000000000
TUGLab,nucleolus,2,5,0,ok,0.118000,37.25  5.25  5.50 41.50 20.50
coopgame-rs,prenucleolus,2,5,0,ok,0.000679,37.25 5.25 5.5 41.5 20.5
coopgame-rs-full,prenucleolus,2,5,0,ok,0.000545,37.25 5.25 5.5 41.5 20.5
CoopGame,prenucleolus,2,5,0,ok,0.003000,37.25000000000001  5.24999999999990  5.50000000000011 41.50000000000001 20.50000000000000
TUGLab,prenucleolus,2,5,0,ok,0.185000,37.25  5.25  5.50 41.50 20.50
coopgame-rs,nucleolus,2,5,1,ok,0.000905,33.22222222222223 36.77777777777777 48.111111111111114 1.5555555555555571 40.33333333333333
coopgame-rs-full,nucleolus,2,5,1,ok,0.000792,33.22222222222223 36.77777777777777 48.111111111111114 1.5555555555555571 40.33333333333333
CoopGame,nucleolus,2,5,1,ok,0.003000,33.22222222222216 36.77777777777785 48.11111111111105  1.55555555555536 40.33333333333354
TUGLab,nucleolus,2,5,1,ok,0.125000,33.22222222222222 36.77777777777778 48.11111111111111  1.55555555555555 40.33333333333334
coopgame-rs,prenucleolus,2,5,1,ok,0.000810,33.2222222222222 36.7777777777778 48.111111111111114 1.5555555555555358 40.33333333333335
coopgame-rs-full,prenucleolus,2,5,1,ok,0.001046,33.2222222222222 36.7777777777778 48.111111111111114 1.5555555555555358 40.33333333333335
CoopGame,prenucleolus,2,5,1,ok,0.002000,33.22222222222216 36.77777777777785 48.11111111111105  1.55555555555536 40.33333333333354
TUGLab,prenucleolus,2,5,1,ok,0.165000,33.22222222222221 36.77777777777779 48.11111111111111  1.55555555555555 40.33333333333334
coopgame-rs,nucleolus,2,5,2,ok,0.000394,0 0 5 2 0
coopgame-rs-full,nucleolus,2,5,2,ok,0.000473,0 0 5 2 0
CoopGame,nucleolus,2,5,2,ok,0.003000,-3.41060513164906e-13  3.97903932025803e-13  4.99999999999986e+00  2.00000000000034e+00 -8.52651282912266e-14
TUGLab,nucleolus,2,5,2,ok,0.111000,0 0 5 2 0
coopgame-rs,prenucleolus,2,5,2,ok,0.000586,9.333333333333329 -16.999999999999993 17.33333333333332 9.666666666666664 -12.333333333333321
coopgame-rs-full,prenucleolus,2,5,2,ok,0.000468,9.333333333333332 -17 17.333333333333332 9.666666666666666 -12.333333333333334
CoopGame,prenucleolus,2,5,2,ok,0.002000,  9.33333333333334 -16.99999999999997  17.33333333333335   9.66666666666669 -12.33333333333331
TUGLab,prenucleolus,2,5,2,ok,0.169000,  9.33333333333334 -17.00000000000001  17.33333333333334   9.66666666666666 -12.33333333333333
coopgame-rs,nucleolus,2,6,0,ok,0.001021,0 1.5 0 8.5 0 0
coopgame-rs-full,nucleolus,2,6,0,ok,0.000954,0 1.5 0 8.5 0 0
CoopGame,nucleolus,2,6,0,ok,0.004000,-1.43871026203612e-13  1.49999999999986e+00  1.43912659567038e-13  8.50000000000000e+00  2.57155408078806e-13  1.42261202817908e-13
TUGLab,nucleolus,2,6,0,ok,0.110000,0.0 1.5 0.0 8.5 0.0 0.0
coopgame-rs,prenucleolus,2,6,0,ok,0.001982,18.600000000000126 41.4500000000001 -12.550000000000122 30.150000000000038 -55.40000000000009 -12.25000000000006
coopgame-rs-full,prenucleolus,2,6,0,ok,0.001169,18.59999999999996 41.44999999999998 -12.549999999999967 30.149999999999984 -55.39999999999998 -12.249999999999986
CoopGame,prenucleolus,2,6,0,ok,0.003000, 18.6000000000000  41.4500000000002 -12.5499999999998  30.1499999999998 -55.4000000000000 -12.2500000000003
TUGLab,prenucleolus,2,6,0,ok,0.176000, 18.6000000000001  41.4500000000001 -12.5500000000000  30.1500000000000 -55.4000000000001 -12.2500000000000
coopgame-rs,nucleolus,2,6,1,ok,0.001322,0 11.166666666666664 0.33333333333333215 36 47.833333333333336 28.666666666666668
coopgame-rs-full,nucleolus,2,6,1,ok,0.001509,0 11.166666666666664 0.33333333333333215 36 47.833333333333336 28.666666666666668
CoopGame,nucleolus,2,6,1,ok,0.003000,2.57793786317961e-13 1.11666666666668e+01 3.33333333333334e-01 3.59999999999997e+01 4.78333333333332e+01 2.86666666666667e+01
TUGLab,nucleolus,2,6,1,ok,0.112000, 0.000000000000000 11.166666666666666  0.333333333333333 36.000000000000000 47.833333333333336 28.666666666666671
coopgame-rs,prenucleolus,2,6,1,ok,0.001669,-19.000000000000004 -0.3333333333333335 5.333333333333334 55.00000000000001 59.333333333333336 23.666666666666664
coopgame-rs-full,prenucleolus,2,6,1,ok,0.001966,-18.999999999999996 -0.3333333333333304 5.33333333333333 54.99999999999999 59.33333333333333 23.66666666666667
CoopGame,prenucleolus,2,6,1,ok,0.002000,-19.000000000000032  -0.333333333333289   5.333333333333421  55.000000000000099  59.333333333333371  23.666666666666558
TUGLab,prenucleolus,2,6,1,ok,0.179000,-19.000000000000036  -0.333333333333365   5.333333333333325  55.000000000000043  59.333333333333371  23.666666666666679
coopgame-rs,nucleolus,2,6,2,ok,0.000950,3 11.5 0 9.5 18 29
coopgame-rs-full,nucleolus,2,6,2,ok,0.001182,3 11.5 0 9.5 18 29
CoopGame,nucleolus,2,6,2,ok,0.003000, 3.00000000000007e+00  1.15000000000000e+01 -1.70641278884886e-13  9.49999999999990e+00  1.80000000000001e+01  2.90000000000000e+01
TUGLab,nucleolus,2,6,2,ok,0.138000, 3.0 11.5  0.0  9.5 18.0 29.0
coopgame-rs,prenucleolus,2,6,2,ok,0.001997,7.861111111111125 10.527777777777782 -11.666666666666714 19.222222222222275 15.083333333333314 29.972222222222218
coopgame-rs-full,prenucleolus,2,6,2,ok,0.002185,7.861111111111125 10.527777777777754 -11.666666666666742 19.22222222222225 15.083333333333371 29.972222222222246
CoopGame,prenucleolus,2,6,2,ok,0.003000,  7.8611111111111  10.5277777777777 -11.6666666666666  19.2222222222222  15.0833333333334  29.9722222222222
TUGLab,prenucleolus,2,6,2,ok,0.184000,  7.86111111111114  10.52777777777779 -11.66666666666668  19.22222222222221  15.08333333333333  29.97222222222223
coopgame-rs,nucleolus,2,7,0,ok,0.002049,24.200000000000003 -0.000000000000014210854715202004 57.2 40.2 62.2 0 52.2
coopgame-rs-full,nucleolus,2,7,0,ok,0.002431,24.200000000000003 -0.000000000000014210854715202004 57.2 40.2 62.2 0 52.2
CoopGame,nucleolus,2,7,0,ok,0.004000, 2.42000000000002e+01 -1.50679468902125e-13  5.72000000000000e+01  4.02000000000002e+01  6.21999999999998e+01 -2.08633110787560e-13  5.22000000000000e+01
TUGLab,nucleolus,2,7,0,error:Execution halted,,
coopgame-rs,prenucleolus,2,7,0,ok,0.002344,45.500000000000014 -46.000000000000014 70 60.49999999999999 49 10.500000000000002 46.49999999999999
coopgame-rs-full,prenucleolus,2,7,0,ok,0.002859,45.500000000000014 -46.00000000000001 69.99999999999999 60.5 49 10.5 46.499999999999986
CoopGame,prenucleolus,2,7,0,ok,0.003000, 45.4999999999999 -45.9999999999999  70.0000000000001  60.5000000000000  49.0000000000000  10.5000000000000  46.4999999999999
TUGLab,prenucleolus,2,7,0,ok,0.185000, 45.5000000000000 -46.0000000000000  69.9999999999999  60.5000000000000  49.0000000000000  10.5000000000000  46.5000000000000
coopgame-rs,nucleolus,2,7,1,ok,0.002201,30.22222222222223 43.44444444444435 0 50.66666666666662 42.22222222222231 -0.00000000000004973799150320701 79.44444444444454
coopgame-rs-full,nucleolus,2,7,1,ok,0.002940,30.22222222222227 43.44444444444445 0 50.666666666666636 42.22222222222215 0.00000000000006394884621840902 79.4444444444444
CoopGame,nucleolus,2,7,1,ok,0.004000, 3.02222222222218e+01  4.34444444444437e+01  4.23365046723729e-13  5.06666666666663e+01  4.22222222222232e+01 -1.56738819454304e-13  7.94444444444449e+01
TUGLab,nucleolus,2,7,1,error:Execution halted,,
coopgame-rs,prenucleolus,2,7,1,ok,0.003639,40.750000000000014 55.166666666666714 -12.916666666666822 63.58333333333344 34.08333333333347 -3.5833333333335546 68.91666666666669
coopgame-rs-full,prenucleolus,2,7,1,ok,0.003617,40.75000000000001 55.16666666666667 -12.91666666666664 63.583333333333314 34.08333333333329 -3.5833333333332917 68.91666666666666
CoopGame,prenucleolus,2,7,1,ok,0.004000, 40.75000000000019  55.16666666666645 -12.91666666666714  63.58333333333389  34.08333333333404  -3.58333333333376  68.91666666666653
TUGLab,prenucleolus,2,7,1,ok,0.183000, 40.74999999999995  55.16666666666667 -12.91666666666678  63.58333333333337  34.08333333333367  -3.58333333333358  68.91666666666674
coopgame-rs,nucleolus,2,7,2,ok,0.002645,3.500000000000001 14.750000000000004 39.62499999999999 18.00000000000001 6.500000000000008 36.375 33.25
coopgame-rs-full,nucleolus,2,7,2,ok,0.003746,3.4999999999999996 14.75 39.625000000000014 18 6.500000000000009 36.37499999999999 33.24999999999999
CoopGame,nucleolus,2,7,2,ok,0.003000, 3.50000000000001 14.75000000000002 39.62499999999998 17.99999999999992  6.49999999999994 36.37499999999999 33.25000000000004
TUGLab,nucleolus,2,7,2,ok,0.126000, 3.500 14.750 39.625 18.000  6.500 36.375 33.250
coopgame-rs,prenucleolus,2,7,2,ok,0.003896,3.5 14.750000000000016 39.625000000000036 17.999999999999975 6.499999999999975 36.37500000000002 33.24999999999998
coopgame-rs-full,prenucleolus,2,7,2,ok,0.003789,3.5000000000000004 14.750000000000005 39.62499999999998 18.00000000000002 6.500000000000025 36.37499999999997 33.249999999999986
CoopGame,prenucleolus,2,7,2,ok,0.003000, 3.50000000000001 14.75000000000002 39.62499999999998 17.99999999999992  6.49999999999994 36.37499999999999 33.25000000000004
TUGLab,prenucleolus,2,7,2,ok,0.182000, 3.49999999999997 14.74999999999999 39.62500000000004 18.00000000000002  6.50000000000006 36.37500000000004 33.24999999999989
coopgame-rs,nucleolus,2,8,0,ok,0.004029,83.40000000000005 21.199999999999985 86.60000000000004 33.199999999999996 31.400000000000013 34.100000000000016 27.599999999999955 60.49999999999997
coopgame-rs-full,nucleolus,2,8,0,ok,0.014599,83.39999999999999 21.200000000000045 86.6 33.200000000000045 31.399999999999952 34.09999999999992 27.600000000000072 60.50000000000001
CoopGame,nucleolus,2,8,0,ok,0.005000,83.3999999999998 21.2000000000002 86.5999999999999 33.1999999999999 31.3999999999995 34.1000000000001 27.6000000000002 60.4999999999996
TUGLab,nucleolus,2,8,0,ok,0.117000,83.4 21.2 86.6 33.2 31.4 34.1 27.6 60.5
coopgame-rs,prenucleolus,2,8,0,ok,0.005105,83.39999999999988 21.200000000000035 86.59999999999992 33.20000000000004 31.399999999999906 34.10000000000001 27.60000000000012 60.50000000000008
coopgame-rs-full,prenucleolus,2,8,0,ok,0.010161,83.40000000000003 21.19999999999998 86.60000000000004 33.19999999999998 31.400000000000016 34.1 27.59999999999995 60.49999999999998
CoopGame,prenucleolus,2,8,0,ok,0.005000,83.3999999999998 21.2000000000002 86.5999999999999 33.1999999999999 31.3999999999995 34.1000000000001 27.6000000000002 60.4999999999996
TUGLab,prenucleolus,2,8,0,ok,0.176000,83.3999999999995 21.2000000000004 86.5999999999990 33.2000000000005 31.4000000000006 34.0999999999991 27.6000000000005 60.5000000000004
coopgame-rs,nucleolus,2,8,1,ok,0.002403,2.4999999999999716 7.7999999999999545 0.00000000000005684341886080802 4.600000000000023 24.099999999999994 13.700000000000017 9.700000000000017 6.599999999999966
coopgame-rs-full,nucleolus,2,8,1,ok,0.006596,2.5000000000001137 7.800000000000182 -0.00000000000022737367544323206 4.599999999999909 24.100000000000023 13.699999999999932 9.699999999999932 6.600000000000136
CoopGame,nucleolus,2,8,1,ok,0.005000, 2.50000000000029e+00  7.80000000000030e+00 -6.88782364477509e-13  4.59999999999934e+00  2.41000000000003e+01  1.37000000000000e+01  9.69999999999964e+00  6.60000000000059e+00
TUGLab,nucleolus,2,8,1,ok,0.127000, 2.5  7.8  0.0  4.6 24.1 13.7  9.7  6.6
coopgame-rs,prenucleolus,2,8,1,ok,0.004183,17.368421052631582 17.736842105263147 -18.473684210526297 -2.789473684210554 20.315789473684163 10.421052631578963 6.736842105263149 17.684210526315812
coopgame-rs-full,prenucleolus,2,8,1,ok,0.005472,17.368421052631597 17.736842105263147 -18.47368421052629 -2.7894736842105647 20.315789473684173 10.421052631578968 6.736842105263146 17.684210526315827
CoopGame,prenucleolus,2,8,1,ok,0.005000, 17.36842105263111  17.73684210526313 -18.47368421052625  -2.78947368421052  20.31578947368461  10.42105263157895   6.73684210526313  17.68421052631572
TUGLab,prenucleolus,2,8,1,ok,0.179000, 17.36842105263162  17.73684210526319 -18.47368421052629  -2.78947368421052  20.31578947368416  10.42105263157888   6.73684210526319  17.68421052631578
coopgame-rs,nucleolus,2,8,2,ok,0.003190,0.0000000000000657252030578093 14.999999999999952 49.6666666666668 37.33333333333338 35.33333333333325 53.33333333333342 -0.00000000000022263672387149802 31.33333333333337
coopgame-rs-full,nucleolus,2,8,2,ok,0.007697,0.00000000000022737367544323206 15.000000000000057 49.66666666666663 37.33333333333329 35.33333333333322 53.333333333333236 -0.00000000000005684341886080802 31.33333333333339
CoopGame,nucleolus,2,8,2,ok,0.004000,-4.35533091073613e-13  1.49999999999999e+01  4.96666666666667e+01  3.73333333333334e+01  3.53333333333335e+01  5.33333333333335e+01  1.26624636701913e-13  3.13333333333332e+01
TUGLab,nucleolus,2,8,2,ok,0.112000, 0.0000000000000 15.0000000000000 49.6666666666667 37.3333333333333 35.3333333333333 53.3333333333333  0.0000000000000 31.3333333333333
coopgame-rs,prenucleolus,2,8,2,ok,0.003607,-0.3846153846153413 12.307692307692298 54.92307692307693 37.615384615384706 35.30769230769227 56.30769230769232 -7.692307692307686 33.61538461538455
coopgame-rs-full,prenucleolus,2,8,2,ok,0.005617,-0.3846153846153464 12.307692307692317 54.92307692307692 37.615384615384585 35.307692307692285 56.307692307692236 -7.692307692307675 33.615384615384656
CoopGame,prenucleolus,2,8,2,ok,0.003000,-0.384615384615394 12.307692307692317 54.923076923076891 37.615384615384613 35.307692307692292 56.307692307692299 -7.692307692307680 33.615384615384599
TUGLab,prenucleolus,2,8,2,ok,0.176000,-0.384615384615463 12.307692307692296 54.923076923076941 37.615384615384549 35.307692307692328 56.307692307692363 -7.692307692307689 33.615384615384684
coopgame-rs,nucleolus,2,9,0,ok,0.004615,14.399999999999984 15.400000000000029 22.399999999999928 51.800000000000054 0 27.799999999999972 18.000000000000043 43.79999999999996 27.400000000000023
coopgame-rs-full,nucleolus,2,9,0,ok,0.018051,14.399999999999975 15.400000000000016 22.39999999999992 51.80000000000006 0 27.79999999999997 18.00000000000005 43.79999999999997 27.400000000000027
CoopGame,nucleolus,2,9,0,ok,0.006000,1.43999999999992e+01 1.53999999999984e+01 2.24000000000000e+01 5.17999999999999e+01 1.85562676335860e-12 2.77999999999982e+01 1.80000000000007e+01 4.38000000000001e+01 2.74000000000017e+01
TUGLab,nucleolus,2,9,0,error:Execution halted,,
coopgame-rs,prenucleolus,2,9,0,ok,0.010389,15.299999999999898 18.14999999999992 22.39999999999992 51.800000000000125 -2.750000000000057 30.550000000000235 17.099999999999966 43.80000000000018 24.649999999999803
coopgame-rs-full,prenucleolus,2,9,0,ok,0.022779,15.299999999999791 18.14999999999976 22.399999999999693 51.800000000000416 -2.7500000000001354 30.550000000000676 17.099999999999877 43.80000000000044 24.64999999999943
CoopGame,prenucleolus,2,9,0,ok,0.009000,15.29999999999927 18.15000000000146 22.39999999999933 51.80000000000062 -2.75000000000198 30.55000000000062 17.09999999999989 43.80000000000078 24.64999999999932
TUGLab,prenucleolus,2,9,0,ok,0.211000,15.2999999999999 18.1500000000001 22.4000000000000 51.8000000000000 -2.7500000000001 30.5500000000002 17.1000000000000 43.8000000000001 24.6499999999999
coopgame-rs,nucleolus,2,9,1,ok,0.005538,0 15.125 11.125 14.6875 15.25 11.125 29.25 5.4375 0
coopgame-rs-full,nucleolus,2,9,1,ok,0.020963,0 15.124999999999716 11.12500000000017 14.687500000000483 15.250000000000341 11.124999999999716 29.25000000000034 5.437499999999687 -0.0000000000004547473508864641
CoopGame,nucleolus,2,9,1,ok,0.008000,-5.37903055430889e-14  1.51249999999998e+01  1.11250000000002e+01  1.46875000000004e+01  1.52500000000003e+01  1.11249999999998e+01  2.92500000000003e+01  5.43749999999971e+00 -3.81528142412415e-13
TUGLab,nucleolus,2,9,1,ok,0.117000, 0.0000 15.1250 11.1250 14.6875 15.2500 11.1250 29.2500  5.4375  0.0000
coopgame-rs,prenucleolus,2,9,1,ok,0.007154,-4.000000000000081 16.000000000000053 12.99999999999996 20.000000000000135 14.999999999999979 9.999999999999957 31.00000000000006 4.000000000000076 -2.9999999999999885
coopgame-rs-full,prenucleolus,2,9,1,ok,0.011703,-3.9999999999999982 16.00000000000001 13.000000000000012 20.000000000000004 14.99999999999999 10.000000000000004 30.999999999999996 4.000000000000007 -3
CoopGame,prenucleolus,2,9,1,ok,0.004000,-4 16 13 20 15 10 31  4 -3
TUGLab,prenucleolus,2,9,1,ok,0.180000,-3.99999999999972 15.99999999999966 12.99999999999986 19.99999999999960 15.00000000000032  9.99999999999997 30.99999999999999  4.00000000000015 -2.99999999999981
coopgame-rs,nucleolus,2,9,2,ok,0.004012,18.000000000000053 19.833333333333414 48.00000000000011 52.83333333333334 50.83333333333325 13.83333333333333 35.00000000000006 31.83333333333328 48.833333333333165
coopgame-rs-full,nucleolus,2,9,2,ok,0.015564,18.00000000000005 19.833333333333407 48.0000000000001 52.83333333333337 50.83333333333326 13.833333333333329 35.00000000000005 31.83333333333328 48.83333333333317
CoopGame,nucleolus,2,9,2,ok,0.007000,18.0000000000002 19.8333333333336 47.9999999999996 52.8333333333340 50.8333333333337 13.8333333333333 34.9999999999994 31.8333333333332 48.8333333333334
TUGLab,nucleolus,2,9,2,ok,0.125000,18.0000000000000 19.8333333333333 48.0000000000000 52.8333333333333 50.8333333333333 13.8333333333333 35.0000000000000 31.8333333333333 48.8333333333333
coopgame-rs,prenucleolus,2,9,2,ok,0.008431,18.00000000000018 19.833333333333552 48.00000000000037 52.83333333333337 50.833333333333066 13.833333333333329 35.00000000000017 31.83333333333314 48.83333333333282
coopgame-rs-full,prenucleolus,2,9,2,ok,0.014956,18.000000000000043 19.83333333333352 48.00000000000021 52.83333333333338 50.83333333333325 13.833333333333403 35.000000000000085 31.833333333333286 48.83333333333296
CoopGame,prenucleolus,2,9,2,ok,0.007000,18.0000000000002 19.8333333333336 47.9999999999996 52.8333333333340 50.8333333333337 13.8333333333333 34.9999999999994 31.8333333333332 48.8333333333334
TUGLab,prenucleolus,2,9,2,ok,0.206000,18.0000000000000 19.8333333333334 48.0000000000000 52.8333333333334 50.8333333333333 13.8333333333333 34.9999999999998 31.8333333333336 48.8333333333333
coopgame-rs,nucleolus,2,10,0,ok,0.005778,2.1666666666665972 20.611111111110972 21.666666666666547 9.44444444444451 14.222222222222205 13.222222222222342 4.944444444444425 0 0.0000000000001393885007416884 6.722222222222257
coopgame-rs-full,nucleolus,2,10,0,ok,0.036730,2.166666666666866 20.611111111111313 21.6666666666668 9.444444444444326 14.222222222222097 13.22222222222198 4.94444444444453 0 -0.00000000000011612932837579137 6.722222222222147
CoopGame,nucleolus,2,10,0,ok,0.012000, 2.16666666666686e+00  2.06111111111113e+01  2.16666666666669e+01  9.44444444444434e+00  1.42222222222223e+01  1.32222222222221e+01  4.94444444444423e+00  2.57727995323914e-13 -1.67174915885782e-13  6.72222222222230e+00
TUGLab,nucleolus,2,10,0,error:Execution halted,,
coopgame-rs,prenucleolus,2,10,0,ok,0.013991,6.0370370370370035 25.999999999999556 25.537037037036782 7.037037037037004 12.759259259259249 7.833333333333699 6.351851851851759 0.11111111111101876 -3.925925925925549 5.2592592592594665
coopgame-rs-full,prenucleolus,2,10,0,ok,0.032446,6.037037037037003 25.999999999999833 25.53703703703695 7.0370370370370035 12.759259259259245 7.833333333333474 6.35185185185182 0.11111111111106031 -3.9259259259257595 5.259259259259368
CoopGame,prenucleolus,2,10,0,ok,0.009000, 6.037037037037197 26.000000000000373 25.537037037037194  7.037037037037196 12.759259259259078  7.833333333333061  6.351851851852063  0.111111111111147 -3.925925925926022  5.259259259259098
TUGLab,prenucleolus,2,10,0,ok,0.223000, 6.037037037037283 26.000000000001091 25.537037037037514  7.037037037036963 12.759259259259132  7.833333333332238  6.351851851852135  0.111111111111598 -3.925925925926961  5.259259259259017
coopgame-rs,nucleolus,2,10,1,ok,0.005720,7.35714285714289 43.571428571428555 11.714285714285722 25.357142857142833 27.35714285714289 21.714285714285722 33.85714285714289 30.071428571428555 0 -0.00000000000005684341886080802
coopgame-rs-full,nucleolus,2,10,1,ok,0.037726,7.357142857142833 43.57142857142861 11.714285714285694 25.35714285714286 27.357142857142833 21.714285714285694 33.857142857142776 30.071428571428555 0 0.00000000000014991975914670423
CoopGame,nucleolus,2,10,1,ok,0.012000, 7.35714285714260e+00  4.35714285714294e+01  1.17142857142857e+01  2.53571428571431e+01  2.73571428571426e+01  2.17142857142857e+01  3.38571428571421e+01  3.00714285714288e+01 -1.56246444354177e-12  1.54243284811174e-12
TUGLab,nucleolus,2,10,1,ok,0.145000, 7.35714285714285 43.57142857142857 11.71428571428571 25.35714285714286 27.35714285714286 21.71428571428572 33.85714285714285 30.07142857142858  0.00000000000000  0.00000000000000
coopgame-rs,prenucleolus,2,10,1,ok,0.011091,12.366666666666744 54.96666666666667 15.666666666666803 24.30000000000005 30.96666666666647 22.233333333333178 26.933333333333312 30.93333333333352 -14.70000000000015 -2.666666666666593
coopgame-rs-full,prenucleolus,2,10,1,ok,0.042016,12.366666666666978 54.966666666666676 15.666666666667203 24.300000000000228 30.96666666666585 22.23333333333271 26.93333333333327 30.933333333334076 -14.700000000000566 -2.6666666666664023
CoopGame,prenucleolus,2,10,1,ok,0.011000, 12.36666666666682  54.96666666666678  15.66666666666677  24.29999999999996  30.96666666666667  22.23333333333327  26.93333333333328  30.93333333333338 -14.70000000000002  -2.66666666666668
TUGLab,prenucleolus,2,10,1,ok,0.223000, 12.3666666666657  54.9666666666653  15.6666666666665  24.3000000000007  30.9666666666652  22.2333333333336  26.9333333333347  30.9333333333347 -14.7000000000004  -2.6666666666660
coopgame-rs,nucleolus,2,10,2,ok,0.006733,17.8571428571427 36.49999999999972 17.71428571428593 6.07142857142837 39.57142857142865 36.21428571428512 4.500000000000267 29.64285714285704 58.50000000000029 26.4285714285719
coopgame-rs-full,nucleolus,2,10,2,ok,0.044680,17.857142857142858 36.5 17.714285714285722 6.071428571428578 39.57142857142857 36.21428571428574 4.500000000000002 29.642857142857146 58.499999999999986 26.428571428571423
CoopGame,nucleolus,2,10,2,ok,0.010000,17.85714285713447 36.49999999998521 17.71428571429830  6.07142857142520 39.57142857142560 36.21428571426135  4.50000000000751 29.64285714285080 58.50000000001467 26.42857142859659
TUGLab,nucleolus,2,10,2,ok,0.134000,17.85714285714285 36.49999999999999 17.71428571428570  6.07142857142858 39.57142857142856 36.21428571428574  4.50000000000000 29.64285714285715 58.50000000000001 26.42857142857146
coopgame-rs,prenucleolus,2,10,2,ok,0.012417,17.85714285714294 36.50000000000023 17.71428571428545 6.071428571428805 39.571428571428505 36.21428571428605 4.499999999999575 29.64285714285729 58.499999999999986 26.42857142857114
coopgame-rs-full,prenucleolus,2,10,2,ok,0.046066,17.857142857143035 36.50000000000031 17.714285714285438 6.071428571428783 39.57142857142848 36.21428571428643 4.499999999999714 29.642857142857274 58.499999999999645 26.428571428570855
CoopGame,prenucleolus,2,10,2,ok,0.011000,17.85714285713447 36.49999999998521 17.71428571429830  6.07142857142520 39.57142857142560 36.21428571426135  4.50000000000751 29.64285714285080 58.50000000001467 26.42857142859659
TUGLab,prenucleolus,2,10,2,ok,0.246000,17.85714285714300 36.50000000000025 17.71428571428536  6.07142857142797 39.57142857142929 36.21428571428665  4.50000000000005 29.64285714285717 58.49999999999952 26.42857142857073
coopgame-rs,nucleolus,2,11,0,ok,0.011805,44.70370370370373 70.98148148148152 40.26851851851844 28.28703703703696 63.40740740740736 53.12962962962955 19.56481481481494 41.28703703703708 18.55555555555552 4.990740740740625 95.82407407407425
coopgame-rs-full,nucleolus,2,11,0,ok,0.120323,44.703703703703596 70.98148148148138 40.26851851851874 28.287037037037024 63.407407407407575 53.129629629629875 19.56481481481459 41.28703703703684 18.555555555555614 4.990740740741021 95.8240740740738
CoopGame,nucleolus,2,11,0,ok,0.021000,44.70370370370421 70.98148148147912 40.26851851851976 28.28703703704054 63.40740740740725 53.12962962963224 19.56481481480515 41.28703703703015 18.55555555556147  4.99074074074475 95.82407407407082
TUGLab,nucleolus,2,11,0,ok,0.186000,44.70370370370334 70.98148148148118 40.26851851851882 28.28703703703704 63.40740740740757 53.12962962962981 19.56481481481438 41.28703703703678 18.55555555555564  4.99074074074104 95.82407407407467
coopgame-rs,prenucleolus,2,11,0,ok,0.014057,44.703703703703866 70.98148148148145 40.26851851851831 28.28703703703747 63.40740740740709 53.12962962962953 19.56481481481478 41.287037037037166 18.555555555555497 4.990740740740701 95.82407407407415
coopgame-rs-full,prenucleolus,2,11,0,ok,0.127139,44.70370370370372 70.9814814814815 40.2685185185185 28.287037037037035 63.407407407407355 53.1296296296295 19.56481481481498 41.28703703703711 18.555555555555507 4.990740740740616 95.82407407407422
CoopGame,prenucleolus,2,11,0,ok,0.020000,44.70370370370421 70.98148148147912 40.26851851851976 28.28703703704054 63.40740740740725 53.12962962963224 19.56481481480515 41.28703703703015 18.55555555556147  4.99074074074475 95.82407407407082
TUGLab,prenucleolus,2,11,0,ok,0.272000,44.70370370370360 70.98148148148125 40.26851851851986 28.28703703703605 63.40740740740795 53.12962962963030 19.56481481481425 41.28703703703658 18.55555555555629  4.99074074074024 95.82407407407358
coopgame-rs,nucleolus,2,11,1,ok,0.008931,16.312499999999996 21.63392857142857 13.964285714285714 0 24.624999999999993 27.267857142857142 22.303571428571427 8.339285714285715 0.9821428571428534 36.625 8.946428571428568
coopgame-rs-full,nucleolus,2,11,1,ok,0.115042,16.312500000000043 21.633928571428434 13.964285714285637 0 24.62500000000005 27.267857142857284 22.303571428571644 8.339285714285591 0.9821428571428275 36.62500000000006 8.94642857142846
CoopGame,nucleolus,2,11,1,ok,0.016000, 1.63125000000000e+01  2.16339285714331e+01  1.39642857142887e+01 -1.05364288722501e-11  2.46250000000000e+01  2.72678571428557e+01  2.23035714285669e+01  8.33928571428873e+00  9.82142857144374e-01  3.66250000000000e+01  8.94642857143312e+00
TUGLab,nucleolus,2,11,1,ok,0.161000,16.312500000000000 21.633928571428566 13.964285714285710  0.000000000000000 24.625000000000028 27.267857142857132 22.303571428571431  8.339285714285694  0.982142857142854 36.625000000000000  8.946428571428578
coopgame-rs,prenucleolus,2,11,1,ok,0.015119,16.312499999999837 22.083333333333435 13.902777777777846 -1.1666666666665282 24.625000000000338 26.86111111111127 21.85416666666675 9.222222222222193 1.3888888888887294 36.62499999999966 9.291666666666577
coopgame-rs-full,prenucleolus,2,11,1,ok,0.133231,16.312499999999776 22.08333333333345 13.902777777777782 -1.1666666666665602 24.625000000000522 26.861111111111374 21.854166666666792 9.222222222222067 1.3888888888887383 36.62499999999958 9.291666666666442
CoopGame,prenucleolus,2,11,1,ok,0.021000,16.31250000000001 22.08333333333563 13.90277777777436 -1.16666666666442 24.62500000000002 26.86111111110322 21.85416666666441  9.22222222223242  1.38888888889683 36.62500000000003  9.29166666667119
TUGLab,prenucleolus,2,11,1,ok,0.328000,16.31249999999963 22.08333333333420 13.90277777777780 -1.16666666666687 24.62499999999931 26.86111111111072 21.85416666666575  9.22222222222326  1.38888888888897 36.62500000000031  9.29166666666688
coopgame-rs,nucleolus,2,11,2,ok,0.008061,31.97058823529405 15.882352941176443 0.8823529411764996 11.205882352941206 9.352941176470571 2.4705882352941293 24.705882352941174 13.588235294117677 0 14.235294117647065 0.7058823529411775
coopgame-rs-full,nucleolus,2,11,2,ok,0.089662,31.97058823529408 15.882352941176594 0.8823529411764406 11.205882352941224 9.352941176470853 2.470588235294087 24.705882352941217 13.588235294117483 -0.00000000000015934639229024418 14.235294117646959 0.7058823529412113
CoopGame,nucleolus,2,11,2,ok,0.040000, 3.19705882353029e+01  1.58823529411866e+01  8.82352941168011e-01  1.12058823529316e+01  9.35294117647880e+00  2.47058823529338e+00  2.47058823529419e+01  1.35882352941086e+01 -1.69768512972846e-11  1.42352941176469e+01  7.05882352940296e-01
TUGLab,nucleolus,2,11,2,ok,0.169000,31.970588235294212 15.882352941176526  0.882352941176473 11.205882352941105  9.352941176470580  2.470588235294095 24.705882352941199 13.588235294117618  0.000000000000000 14.235294117647092  0.705882352941095
coopgame-rs,prenucleolus,2,11,2,ok,0.024973,32.43478260869796 17.10869565217695 0.4999999999983325 10.826086956519541 13.543478260868449 2.217391304347409 25.04347826087015 12.108695652173658 -3.2173913043472364 11.60869565217544 2.826086956519359
coopgame-rs-full,prenucleolus,2,11,2,ok,0.106443,32.43478260869402 17.10869565217195 0.5000000000010298 10.826086956523216 13.543478260870238 2.2173913043480895 25.04347826086922 12.10869565217405 -3.217391304348034 11.608695652173033 2.8260869565231674
CoopGame,prenucleolus,2,11,2,ok,0.041000,32.434782608697134 17.108695652177872  0.499999999996937 10.826086956520248 13.543478260870842  2.217391304347527 25.043478260869847 12.108695652171731 -3.217391304347527 11.608695652174804  2.826086956520244
TUGLab,prenucleolus,2,11,2,ok,0.287000,32.434782608697112 17.108695652175889  0.499999999999103 10.826086956519800 13.543478260868815  2.217391304347126 25.043478260869868 12.108695652173912 -3.217391304347940 11.608695652174742  2.826086956521562
coopgame-rs,nucleolus,2,12,0,ok,0.012879,34.354838709677445 50.06451612903224 28.25806451612892 53.032258064516206 15.258064516129073 58.064516129032256 48.61290322580649 33.3548387096774 59.774193548387096 55.09677419354829 28.419354838709683 8.70967741935483
coopgame-rs-full,nucleolus,2,12,0,ok,0.282242,34.35483870967744 50.064516129032235 28.258064516128808 53.032258064516334 15.258064516129128 58.064516129032306 48.61290322580655 33.35483870967744 59.77419354838707 55.09677419354825 28.419354838709694 8.709677419354838
CoopGame,nucleolus,2,12,0,ok,0.074000,34.35483870967726 50.06451612903248 28.25806451612614 53.03225806451812 15.25806451613060 58.06451612903190 48.61290322580766 33.35483870967726 59.77419354838711 55.09677419354627 28.41935483870986  8.70967741935453
TUGLab,nucleolus,2,12,0,ok,0.209000,34.35483870967744 50.06451612903226 28.25806451612907 53.03225806451616 15.25806451612901 58.06451612903226 48.61290322580648 33.35483870967746 59.77419354838707 55.09677419354838 28.41935483870963  8.70967741935482
coopgame-rs,prenucleolus,2,12,0,ok,0.018189,34.35483870967734 50.06451612903228 28.25806451612921 53.03225806451601 15.258064516128911 58.06451612903223 48.61290322580639 33.354838709677395 59.77419354838711 55.096774193548534 28.419354838709666 8.709677419354872
coopgame-rs-full,prenucleolus,2,12,0,ok,0.257044,34.35483870967741 50.06451612903219 28.25806451612875 53.03225806451632 15.258064516129162 58.0645161290323 48.61290322580658 33.3548387096774 59.7741935483871 55.09677419354818 28.419354838709697 8.709677419354799
CoopGame,prenucleolus,2,12,0,ok,0.080000,34.35483870967726 50.06451612903248 28.25806451612614 53.03225806451812 15.25806451613060 58.06451612903190 48.61290322580766 33.35483870967726 59.77419354838711 55.09677419354627 28.41935483870986  8.70967741935453
TUGLab,prenucleolus,2,12,0,timeout,,
coopgame-rs,nucleolus,2,12,1,ok,0.008952,0.0000000000000756478213403966 0 0.6000000000000612 -0.000000000000076216810640517 0 0 1.5999999999999852 1.900000000000167 -0.00000000000022776225350185086 0.6999999999999701 0.6000000000001365 0.5999999999999089
coopgame-rs-full,nucleolus,2,12,1,ok,0.243578,-0.0000000000000001734723475976807 0 0.5999999999997958 -0.0000000000000000971445146547012 0 0 1.6000000000001369 1.89999999999975 0.00000000000034103275758923246 0.7000000000000456 0.5999999999997951 0.6000000000001363
CoopGame,nucleolus,2,12,1,ok,0.089000,-1.46240353162257e-11  4.08233447051770e-12  6.00000000042768e-01  2.62208921245503e-11 -3.59035468027138e-11 -2.33733032931148e-12  1.59999999997705e+00  1.90000000002907e+00  8.69178062867339e-12  6.99999999963169e-01  5.99999999998659e-01  6.00000000007351e-01
TUGLab,nucleolus,2,12,1,error:Execution halted,,
coopgame-rs,prenucleolus,2,12,1,ok,0.017972,0.376623376623333 0.41558441558444476 -0.012987012986954594 -0.402597402597367 -0.09090909090925711 -1.051948051948234 2.1558441558442287 2.1168831168832294 -0.5714285714284306 0.15584415584383038 1.740259740259918 1.1688311688313773
coopgame-rs-full,prenucleolus,2,12,1,ok,0.152447,0.3766233766233761 0.41558441558441506 -0.012987012987012311 -0.4025974025974026 -0.09090909090908998 -1.0519480519480517 2.1558441558441563 2.116883116883116 -0.5714285714285715 0.15584415584415667 1.7402597402597397 1.168831168831168
CoopGame,prenucleolus,2,12,1,ok,0.019000, 0.3766233766231837  0.4155844155845420 -0.0129870129867090 -0.4025974025978351 -0.0909090909094255 -1.0519480519480666  2.1558441558442047  2.1168831168828413 -0.5714285714287487  0.1558441558442069  1.7402597402596576  1.1688311688309097
TUGLab,prenucleolus,2,12,1,skipped,,
coopgame-rs,nucleolus,2,12,2,ok,0.008679,55.11585365853685 57.51219512195118 28.378048780488015 25.756097560975736 13.585365853658473 54.9268292682927 58.68292682926846 6.207317073170415 24.17073170731691 58.34146341463421 66.73780487804851 22.5853658536585
coopgame-rs-full,nucleolus,2,12,2,ok,0.274650,55.11585365853632 57.51219512195123 28.37804878048736 25.75609756097554 13.585365853658573 54.9268292682927 58.682926829268105 6.207317073171209 24.170731707317174 58.34146341463409 66.73780487804912 22.585365853658594
CoopGame,nucleolus,2,12,2,ok,0.060000,55.11585365853659 57.51219512195136 28.37804878048784 25.75609756097574 13.58536585365827 54.92682926829314 58.68292682926885  6.20731707317045 24.17073170731651 58.34146341463401 66.73780487804879 22.58536585365925
TUGLab,nucleolus,2,12,2,ok,0.217000,55.1158536585365 57.5121951219512 28.3780487804878 25.7560975609756 13.5853658536586 54.9268292682927 58.6829268292683  6.2073170731707 24.1707317073171 58.3414634146341 66.7378048780488 22.5853658536585
coopgame-rs,prenucleolus,2,12,2,ok,0.008907,55.11585365853713 57.51219512195111 28.37804878048782 25.756097560976002 13.585365853658416 54.92682926829269 58.6829268292687 6.207317073170565 24.170731707316673 58.34146341463428 66.73780487804822 22.58536585365828
coopgame-rs-full,prenucleolus,2,12,2,ok,0.305160,55.1158536585354 57.51219512195142 28.378048780486772 25.7560975609751 13.585365853658764 54.926829268292614 58.682926829267664 6.207317073171989 24.170731707317586 58.341463414633864 66.73780487804994 22.585365853658868
CoopGame,prenucleolus,2,12,2,ok,0.062000,55.11585365853659 57.51219512195136 28.37804878048784 25.75609756097574 13.58536585365827 54.92682926829314 58.68292682926885  6.20731707317045 24.17073170731651 58.34146341463401 66.73780487804879 22.58536585365925
TUGLab,prenucleolus,2,12,2,skipped,,
coopgame-rs,nucleolus,3,4,0,ok,0.000326,0.25 0.24999999999999992 0.24999999999999994 0.25
coopgame-rs-full,nucleolus,3,4,0,ok,0.000240,0.25 0.25 0.25 0.25
CoopGame,nucleolus,3,4,0,ok,0.003000,0.25 0.25 0.25 0.25
TUGLab,nucleolus,3,4,0,ok,0.125000,0.25 0.25 0.25 0.25
coopgame-rs,prenucleolus,3,4,0,ok,0.000427,0.25 0.24999999999999992 0.24999999999999994 0.25
coopgame-rs-full,prenucleolus,3,4,0,ok,0.000268,0.25 0.25 0.25 0.25
CoopGame,prenucleolus,3,4,0,ok,0.002000,0.25 0.25 0.25 0.25
TUGLab,prenucleolus,3,4,0,ok,0.168000,0.25 0.25 0.25 0.25
coopgame-rs,nucleolus,3,4,1,ok,0.000587,0.3333333333333333 0.16666666666666669 0.16666666666666666 0.33333333333333337
coopgame-rs-full,nucleolus,3,4,1,ok,0.000312,0.33333333333333337 0.16666666666666666 0.16666666666666669 0.3333333333333333
CoopGame,nucleolus,3,4,1,ok,0.003000,0.333333333333334 0.166666666666667 0.166666666666666 0.333333333333333
TUGLab,nucleolus,3,4,1,ok,0.114000,0.333333333333333 0.166666666666667 0.166666666666667 0.333333333333333
coopgame-rs,prenucleolus,3,4,1,ok,0.000401,0.3333333333333333 0.16666666666666669 0.16666666666666666 0.33333333333333337
coopgame-rs-full,prenucleolus,3,4,1,ok,0.000322,0.33333333333333337 0.16666666666666666 0.16666666666666669 0.3333333333333333
CoopGame,prenucleolus,3,4,1,ok,0.003000,0.333333333333334 0.166666666666667 0.166666666666666 0.333333333333333
TUGLab,prenucleolus,3,4,1,ok,0.190000,0.333333333333333 0.166666666666667 0.166666666666667 0.333333333333333
coopgame-rs,nucleolus,3,4,2,ok,0.000354,0.25 0.25 0.25 0.25
coopgame-rs-full,nucleolus,3,4,2,ok,0.000278,0.25 0.25 0.25 0.25
CoopGame,nucleolus,3,4,2,ok,0.004000,0.25 0.25 0.25 0.25
TUGLab,nucleolus,3,4,2,ok,0.114000,0.25 0.25 0.25 0.25
coopgame-rs,prenucleolus,3,4,2,ok,0.000340,0.25 0.25 0.25 0.25
coopgame-rs-full,prenucleolus,3,4,2,ok,0.000233,0.25 0.25 0.25 0.25
CoopGame,prenucleolus,3,4,2,ok,0.002000,0.25 0.25 0.25 0.25
TUGLab,prenucleolus,3,4,2,ok,0.173000,0.25 0.25 0.25 0.25
coopgame-rs,nucleolus,3,5,0,ok,0.000539,0.20000000000000012 0.20000000000000007 0.20000000000000007 0.20000000000000007 0.19999999999999996
coopgame-rs-full,nucleolus,3,5,0,ok,0.000444,0.19999999999999998 0.2 0.20000000000000004 0.2 0.19999999999999998
CoopGame,nucleolus,3,5,0,ok,0.003000,0.2 0.2 0.2 0.2 0.2
TUGLab,nucleolus,3,5,0,ok,0.107000,0.2 0.2 0.2 0.2 0.2
coopgame-rs,prenucleolus,3,5,0,ok,0.000565,0.20000000000000012 0.20000000000000007 0.20000000000000007 0.20000000000000007 0.19999999999999996
coopgame-rs-full,prenucleolus,3,5,0,ok,0.000476,0.19999999999999998 0.2 0.20000000000000004 0.2 0.19999999999999998
CoopGame,prenucleolus,3,5,0,ok,0.002000,0.2 0.2 0.2 0.2 0.2
TUGLab,prenucleolus,3,5,0,ok,0.174000,0.2 0.2 0.2 0.2 0.2
coopgame-rs,nucleolus,3,5,1,ok,0.000648,0.20000000000000007 0.20000000000000012 0.20000000000000007 0.20000000000000007 0.19999999999999996
coopgame-rs-full,nucleolus,3,5,1,ok,0.000553,0.2 0.2 0.2 0.2 0.2
CoopGame,nucleolus,3,5,1,ok,0.002000,0.2 0.2 0.2 0.2 0.2
TUGLab,nucleolus,3,5,1,ok,0.117000,0.2 0.2 0.2 0.2 0.2
coopgame-rs,prenucleolus,3,5,1,ok,0.000602,0.20000000000000007 0.20000000000000012 0.20000000000000007 0.20000000000000007 0.19999999999999996
coopgame-rs-full,prenucleolus,3,5,1,ok,0.000530,0.2 0.2 0.2 0.2 0.2
CoopGame,prenucleolus,3,5,1,ok,0.003000,0.2 0.2 0.2 0.2 0.2
TUGLab,prenucleolus,3,5,1,ok,0.173000,0.2 0.2 0.2 0.2 0.2
coopgame-rs,nucleolus,3,5,2,ok,0.000856,0.2 0.20000000000000012 0.19999999999999996 0.20000000000000007 0.19999999999999996
coopgame-rs-full,nucleolus,3,5,2,ok,0.000519,0.2 0.2 0.2 0.2 0.2
CoopGame,nucleolus,3,5,2,ok,0.003000,0.2 0.2 0.2 0.2 0.2
TUGLab,nucleolus,3,5,2,ok,0.104000,0.2 0.2 0.2 0.2 0.2
coopgame-rs,prenucleolus,3,5,2,ok,0.000796,0.2 0.20000000000000012 0.19999999999999996 0.20000000000000007 0.19999999999999996
coopgame-rs-full,prenucleolus,3,5,2,ok,0.000514,0.2 0.2 0.2 0.2 0.2
CoopGame,prenucleolus,3,5,2,ok,0.003000,0.2 0.2 0.2 0.2 0.2
TUGLab,prenucleolus,3,5,2,ok,0.160000,0.2 0.2 0.2 0.2 0.2
coopgame-rs,nucleolus,3,6,0,ok,0.000876,0.16666666666666674 0.16666666666666669 0.16666666666666669 0.16666666666666663 0.1666666666666667 0.16666666666666669
coopgame-rs-full,nucleolus,3,6,0,ok,0.000987,0.1666666666666667 0.16666666666666666 0.16666666666666666 0.16666666666666666 0.16666666666666666 0.1666666666666667
CoopGame,nucleolus,3,6,0,ok,0.003000,0.166666666666667 0.166666666666667 0.166666666666667 0.166666666666667 0.166666666666667 0.166666666666667
TUGLab,nucleolus,3,6,0,ok,0.112000,0.166666666666667 0.166666666666667 0.166666666666667 0.166666666666667 0.166666666666667 0.166666666666667
coopgame-rs,prenucleolus,3,6,0,ok,0.000873,0.16666666666666674 0.16666666666666669 0.16666666666666669 0.16666666666666663 0.1666666666666667 0.16666666666666669
coopgame-rs-full,prenucleolus,3,6,0,ok,0.000983,0.1666666666666667 0.16666666666666666 0.16666666666666666 0.16666666666666666 0.16666666666666666 0.1666666666666667
CoopGame,prenucleolus,3,6,0,ok,0.003000,0.166666666666667 0.166666666666667 0.166666666666667 0.166666666666667 0.166666666666667 0.166666666666667
TUGLab,prenucleolus,3,6,0,ok,0.183000,0.166666666666667 0.166666666666667 0.166666666666667 0.166666666666667 0.166666666666666 0.166666666666667
coopgame-rs,nucleolus,3,6,1,ok,0.001399,0.1666666666666668 0.1666666666666668 0.16666666666666674 0.16666666666666669 0.16666666666666657 0.16666666666666655
coopgame-rs-full,nucleolus,3,6,1,ok,0.001627,0.16666666666666669 0.16666666666666666 0.16666666666666669 0.16666666666666669 0.16666666666666669 0.16666666666666666
CoopGame,nucleolus,3,6,1,ok,0.002000,0.166666666666667 0.166666666666667 0.166666666666667 0.166666666666667 0.166666666666667 0.166666666666667
TUGLab,nucleolus,3,6,1,ok,0.117000,0.166666666666667 0.166666666666667 0.166666666666667 0.166666666666667 0.166666666666667 0.166666666666667
coopgame-rs,prenucleolus,3,6,1,ok,0.001025,0.1666666666666668 0.1666666666666668 0.16666666666666674 0.16666666666666669 0.16666666666666657 0.16666666666666655
coopgame-rs-full,prenucleolus,3,6,1,ok,0.001004,0.16666666666666669 0.16666666666666666 0.16666666666666669 0.16666666666666669 0.16666666666666669 0.16666666666666666
CoopGame,prenucleolus,3,6,1,ok,0.003000,0.166666666666667 0.166666666666667 0.166666666666667 0.166666666666667 0.166666666666667 0.166666666666667
TUGLab,prenucleolus,3,6,1,ok,0.183000,0.166666666666667 0.166666666666667 0.166666666666667 0.166666666666667 0.166666666666666 0.166666666666667
coopgame-rs,nucleolus,3,6,2,ok,0.001014,0.16666666666666663 0.1666666666666668 0.16666666666666669 0.16666666666666663 0.16666666666666669 0.16666666666666669
coopgame-rs-full,nucleolus,3,6,2,ok,0.001195,0.1666666666666667 0.16666666666666666 0.16666666666666666 0.16666666666666666 0.16666666666666666 0.1666666666666667
CoopGame,nucleolus,3,6,2,ok,0.002000,0.166666666666667 0.166666666666667 0.166666666666667 0.166666666666667 0.166666666666667 0.166666666666667
TUGLab,nucleolus,3,6,2,ok,0.115000,0.166666666666667 0.166666666666667 0.166666666666667 0.166666666666667 0.166666666666667 0.166666666666667
coopgame-rs,prenucleolus,3,6,2,ok,0.000993,0.1666666666666666 0.1666666666666669 0.1666666666666667 0.16666666666666655 0.16666666666666669 0.16666666666666669
coopgame-rs-full,prenucleolus,3,6,2,ok,0.001526,0.1666666666666667 0.16666666666666666 0.16666666666666666 0.16666666666666666 0.16666666666666666 0.1666666666666667
CoopGame,prenucleolus,3,6,2,ok,0.003000,0.166666666666667 0.166666666666667 0.166666666666667 0.166666666666667 0.166666666666667 0.166666666666667
TUGLab,prenucleolus,3,6,2,ok,0.164000,0.166666666666667 0.166666666666667 0.166666666666667 0.166666666666667 0.166666666666666 0.166666666666667
coopgame-rs,nucleolus,3,7,0,ok,0.001378,0.1428571428571429 0.1428571428571429 0.142857142857143 0.14285714285714288 0.14285714285714285 0.14285714285714282 0.14285714285714288
coopgame-rs-full,nucleolus,3,7,0,ok,0.002327,0.14285714285714288 0.14285714285714282 0.14285714285714285 0.1428571428571429 0.14285714285714288 0.14285714285714288 0.1428571428571428
CoopGame,nucleolus,3,7,0,ok,0.004000,0.142857142857143 0.142857142857143 0.142857142857143 0.142857142857143 0.142857142857143 0.142857142857143 0.142857142857143
TUGLab,nucleolus,3,7,0,ok,0.116000,0.142857142857143 0.142857142857143 0.142857142857143 0.142857142857143 0.142857142857143 0.142857142857143 0.142857142857143
coopgame-rs,prenucleolus,3,7,0,ok,0.001430,0.1428571428571429 0.1428571428571429 0.142857142857143 0.14285714285714288 0.14285714285714285 0.14285714285714282 0.14285714285714288
coopgame-rs-full,prenucleolus,3,7,0,ok,0.002133,0.14285714285714288 0.14285714285714282 0.14285714285714285 0.1428571428571429 0.14285714285714288 0.14285714285714288 0.1428571428571428
CoopGame,prenucleolus,3,7,0,ok,0.003000,0.142857142857143 0.142857142857143 0.142857142857143 0.142857142857143 0.142857142857143 0.142857142857143 0.142857142857143
TUGLab,prenucleolus,3,7,0,ok,0.223000,0.142857142857143 0.142857142857143 0.142857142857143 0.142857142857143 0.142857142857143 0.142857142857143 0.142857142857143
coopgame-rs,nucleolus,3,7,1,ok,0.002087,0.14285714285714277 0.14285714285714282 0.14285714285714293 0.14285714285714282 0.14285714285714277 0.14285714285714304 0.14285714285714296
coopgame-rs-full,nucleolus,3,7,1,ok,0.003208,0.14285714285714282 0.14285714285714296 0.14285714285714296 0.14285714285714282 0.14285714285714288 0.14285714285714285 0.1428571428571429
CoopGame,nucleolus,3,7,1,ok,0.003000,0.142857142857143 0.142857142857143 0.142857142857143 0.142857142857143 0.142857142857143 0.142857142857143 0.142857142857143
TUGLab,nucleolus,3,7,1,ok,0.111000,0.142857142857143 0.142857142857143 0.142857142857143 0.142857142857143 0.142857142857143 0.142857142857143 0.142857142857143
coopgame-rs,prenucleolus,3,7,1,ok,0.001484,0.14285714285714277 0.14285714285714282 0.14285714285714293 0.14285714285714282 0.14285714285714277 0.14285714285714304 0.14285714285714296
coopgame-rs-full,prenucleolus,3,7,1,ok,0.002284,0.14285714285714282 0.14285714285714296 0.14285714285714296 0.14285714285714282 0.14285714285714288 0.14285714285714285 0.1428571428571429
CoopGame,prenucleolus,3,7,1,ok,0.003000,0.142857142857143 0.142857142857143 0.142857142857143 0.142857142857143 0.142857142857143 0.142857142857143 0.142857142857143
TUGLab,prenucleolus,3,7,1,ok,0.166000,0.142857142857143 0.142857142857143 0.142857142857143 0.142857142857143 0.142857142857143 0.142857142857143 0.142857142857143
coopgame-rs,nucleolus,3,7,2,ok,0.001494,0.14285714285714293 0.14285714285714302 0.14285714285714274 0.1428571428571429 0.14285714285714282 0.1428571428571428 0.14285714285714293
coopgame-rs-full,nucleolus,3,7,2,ok,0.002346,0.14285714285714288 0.14285714285714288 0.14285714285714285 0.14285714285714285 0.14285714285714285 0.14285714285714285 0.1428571428571429
CoopGame,nucleolus,3,7,2,ok,0.003000,0.142857142857143 0.142857142857143 0.142857142857143 0.142857142857143 0.142857142857143 0.142857142857143 0.142857142857143
TUGLab,nucleolus,3,7,2,ok,0.105000,0.142857142857143 0.142857142857143 0.142857142857143 0.142857142857143 0.142857142857143 0.142857142857143 0.142857142857143
coopgame-rs,prenucleolus,3,7,2,ok,0.001486,0.14285714285714285 0.1428571428571428 0.14285714285714282 0.14285714285714285 0.1428571428571429 0.14285714285714293 0.14285714285714296
coopgame-rs-full,prenucleolus,3,7,2,ok,0.002276,0.14285714285714288 0.14285714285714288 0.14285714285714285 0.14285714285714285 0.14285714285714285 0.14285714285714285 0.1428571428571429
CoopGame,prenucleolus,3,7,2,ok,0.003000,0.142857142857143 0.142857142857143 0.142857142857143 0.142857142857143 0.142857142857143 0.142857142857143 0.142857142857143
TUGLab,prenucleolus,3,7,2,ok,0.176000,0.142857142857143 0.142857142857143 0.142857142857143 0.142857142857143 0.142857142857143 0.142857142857143 0.142857142857143
coopgame-rs,nucleolus,3,8,0,ok,0.001945,0.12499999999999979 0.12499999999999985 0.12499999999999988 0.1249999999999999 0.12499999999999999 0.12500000000000008 0.12500000000000028 0.12500000000000017
coopgame-rs-full,nucleolus,3,8,0,ok,0.004644,0.125 0.12500000000000006 0.12500000000000006 0.125 0.125 0.125 0.12499999999999996 0.12500000000000003
CoopGame,nucleolus,3,8,0,ok,0.003000,0.125 0.125 0.125 0.125 0.125 0.125 0.125 0.125
TUGLab,nucleolus,3,8,0,ok,0.122000,0.125 0.125 0.125 0.125 0.125 0.125 0.125 0.125
coopgame-rs,prenucleolus,3,8,0,ok,0.002114,0.12500000000000006 0.125 0.12500000000000017 0.12499999999999985 0.125 0.12500000000000006 0.12499999999999989 0.12500000000000003
coopgame-rs-full,prenucleolus,3,8,0,ok,0.004974,0.125 0.12500000000000006 0.12500000000000006 0.125 0.125 0.125 0.12499999999999996 0.12500000000000003
CoopGame,prenucleolus,3,8,0,ok,0.004000,0.125 0.125 0.125 0.125 0.125 0.125 0.125 0.125
TUGLab,prenucleolus,3,8,0,ok,0.208000,0.125 0.125 0.125 0.125 0.125 0.125 0.125 0.125
coopgame-rs,nucleolus,3,8,1,ok,0.002271,0.12500000000000008 0.12500000000000008 0.12500000000000008 0.1249999999999997 0.12499999999999989 0.12500000000000014 0.125 0.12500000000000006
coopgame-rs-full,nucleolus,3,8,1,ok,0.004982,0.12500000000000003 0.12500000000000003 0.12500000000000003 0.12499999999999994 0.12500000000000003 0.12500000000000003 0.12499999999999999 0.12500000000000003
CoopGame,nucleolus,3,8,1,ok,0.003000,0.125 0.125 0.125 0.125 0.125 0.125 0.125 0.125
TUGLab,nucleolus,3,8,1,ok,0.115000,0.125 0.125 0.125 0.125 0.125 0.125 0.125 0.125
coopgame-rs,prenucleolus,3,8,1,ok,0.002961,0.12499999999999986 0.12499999999999989 0.12499999999999986 0.12500000000000003 0.1250000000000001 0.12499999999999997 0.12499999999999997 0.12500000000000022
coopgame-rs-full,prenucleolus,3,8,1,ok,0.005031,0.12500000000000003 0.12500000000000003 0.12500000000000003 0.12499999999999994 0.12500000000000003 0.12500000000000003 0.12499999999999999 0.12500000000000003
CoopGame,prenucleolus,3,8,1,ok,0.006000,0.125 0.125 0.125 0.125 0.125 0.125 0.125 0.125
TUGLab,prenucleolus,3,8,1,ok,0.206000,0.125 0.125 0.125 0.125 0.125 0.125 0.125 0.125
coopgame-rs,nucleolus,3,8,2,ok,0.002390,0.12499999999999999 0.125 0.12499999999999992 0.12500000000000014 0.12500000000000008 0.12500000000000003 0.12500000000000014 0.1249999999999998
coopgame-rs-full,nucleolus,3,8,2,ok,0.005454,0.12500000000000003 0.12500000000000003 0.12500000000000003 0.12499999999999996 0.12500000000000003 0.12499999999999999 0.125 0.12500000000000003
CoopGame,nucleolus,3,8,2,ok,0.004000,0.125 0.125 0.125 0.125 0.125 0.125 0.125 0.125
TUGLab,nucleolus,3,8,2,ok,0.122000,0.125 0.125 0.125 0.125 0.125 0.125 0.125 0.125
coopgame-rs,prenucleolus,3,8,2,ok,0.002293,0.12500000000000006 0.12500000000000008 0.12500000000000003 0.12499999999999997 0.12500000000000006 0.12500000000000008 0.12499999999999993 0.12499999999999992
coopgame-rs-full,prenucleolus,3,8,2,ok,0.005319,0.12500000000000003 0.12500000000000003 0.12500000000000003 0.12499999999999996 0.12500000000000003 0.12499999999999999 0.125 0.12500000000000003
CoopGame,prenucleolus,3,8,2,ok,0.003000,0.125 0.125 0.125 0.125 0.125 0.125 0.125 0.125
TUGLab,prenucleolus,3,8,2,ok,0.229000,0.125 0.125 0.125 0.125 0.125 0.125 0.125 0.125
coopgame-rs,nucleolus,3,9,0,ok,0.003175,0.11111111111111105 0.11111111111111117 0.11111111111111112 0.11111111111111108 0.11111111111111108 0.11111111111111117 0.11111111111111108 0.11111111111111133 0.11111111111111117
coopgame-rs-full,nucleolus,3,9,0,ok,0.011746,0.11111111111111117 0.1111111111111111 0.1111111111111111 0.1111111111111111 0.11111111111111116 0.11111111111111109 0.11111111111111106 0.11111111111111115 0.11111111111111116
CoopGame,nucleolus,3,9,0,ok,0.006000,0.111111111111111 0.111111111111111 0.111111111111111 0.111111111111111 0.111111111111111 0.111111111111111 0.111111111111111 0.111111111111111 0.111111111111111
TUGLab,nucleolus,3,9,0,ok,0.132000,0.111111111111111 0.111111111111111 0.111111111111111 0.111111111111111 0.111111111111111 0.111111111111111 0.111111111111111 0.111111111111111 0.111111111111111
coopgame-rs,prenucleolus,3,9,0,ok,0.003298,0.11111111111111105 0.11111111111111117 0.11111111111111112 0.11111111111111108 0.11111111111111108 0.11111111111111117 0.11111111111111108 0.11111111111111133 0.11111111111111117
coopgame-rs-full,prenucleolus,3,9,0,ok,0.011673,0.11111111111111117 0.1111111111111111 0.1111111111111111 0.1111111111111111 0.11111111111111116 0.11111111111111109 0.11111111111111106 0.11111111111111115 0.11111111111111116
CoopGame,prenucleolus,3,9,0,ok,0.005000,0.111111111111111 0.111111111111111 0.111111111111111 0.111111111111111 0.111111111111111 0.111111111111111 0.111111111111111 0.111111111111111 0.111111111111111
TUGLab,prenucleolus,3,9,0,ok,0.219000,0.111111111111112 0.111111111111110 0.111111111111110 0.111111111111111 0.111111111111111 0.111111111111111 0.111111111111112 0.111111111111113 0.111111111111110
coopgame-rs,nucleolus,3,9,1,ok,0.003710,0.11111111111111113 0.11111111111111105 0.11111111111111119 0.11111111111111108 0.11111111111111116 0.11111111111111112 0.11111111111111133 0.1111111111111112 0.11111111111111101
coopgame-rs-full,nucleolus,3,9,1,ok,0.011270,0.11111111111111113 0.11111111111111113 0.11111111111111115 0.11111111111111115 0.11111111111111106 0.1111111111111111 0.11111111111111112 0.11111111111111112 0.11111111111111112
CoopGame,nucleolus,3,9,1,ok,0.004000,0.111111111111111 0.111111111111111 0.111111111111111 0.111111111111111 0.111111111111111 0.111111111111111 0.111111111111111 0.111111111111111 0.111111111111111
TUGLab,nucleolus,3,9,1,ok,0.126000,0.111111111111111 0.111111111111111 0.111111111111111 0.111111111111111 0.111111111111111 0.111111111111111 0.111111111111111 0.111111111111111 0.111111111111111
coopgame-rs,prenucleolus,3,9,1,ok,0.003248,0.11111111111111113 0.11111111111111105 0.11111111111111119 0.11111111111111108 0.11111111111111116 0.11111111111111112 0.11111111111111133 0.1111111111111112 0.11111111111111101
coopgame-rs-full,prenucleolus,3,9,1,ok,0.011042,0.11111111111111113 0.11111111111111113 0.11111111111111115 0.11111111111111115 0.11111111111111106 0.1111111111111111 0.11111111111111112 0.11111111111111112 0.11111111111111112
CoopGame,prenucleolus,3,9,1,ok,0.003000,0.111111111111111 0.111111111111111 0.111111111111111 0.111111111111111 0.111111111111111 0.111111111111111 0.111111111111111 0.111111111111111 0.111111111111111
TUGLab,prenucleolus,3,9,1,ok,0.229000,0.111111111111111 0.111111111111111 0.111111111111110 0.111111111111110 0.111111111111111 0.111111111111112 0.111111111111112 0.111111111111112 0.111111111111112
coopgame-rs,nucleolus,3,9,2,ok,0.003462,0.1111111111111112 0.11111111111111109 0.11111111111111105 0.11111111111111097 0.11111111111111127 0.11111111111111124 0.11111111111111122 0.11111111111111106 0.11111111111111116
coopgame-rs-full,nucleolus,3,9,2,ok,0.012892,0.11111111111111113 0.11111111111111113 0.11111111111111115 0.11111111111111115 0.11111111111111106 0.1111111111111111 0.11111111111111112 0.11111111111111112 0.11111111111111112
CoopGame,nucleolus,3,9,2,ok,0.004000,0.111111111111111 0.111111111111111 0.111111111111111 0.111111111111111 0.111111111111111 0.111111111111111 0.111111111111111 0.111111111111111 0.111111111111111
TUGLab,nucleolus,3,9,2,ok,0.130000,0.111111111111111 0.111111111111111 0.111111111111111 0.111111111111111 0.111111111111111 0.111111111111111 0.111111111111111 0.111111111111111 0.111111111111111
coopgame-rs,prenucleolus,3,9,2,ok,0.003373,0.1111111111111112 0.11111111111111109 0.11111111111111105 0.11111111111111097 0.11111111111111127 0.11111111111111124 0.11111111111111122 0.11111111111111106 0.11111111111111116
coopgame-rs-full,prenucleolus,3,9,2,ok,0.012467,0.11111111111111113 0.11111111111111113 0.11111111111111115 0.11111111111111115 0.11111111111111106 0.1111111111111111 0.11111111111111112 0.11111111111111112 0.11111111111111112
CoopGame,prenucleolus,3,9,2,ok,0.004000,0.111111111111111 0.111111111111111 0.111111111111111 0.111111111111111 0.111111111111111 0.111111111111111 0.111111111111111 0.111111111111111 0.111111111111111
TUGLab,prenucleolus,3,9,2,ok,0.202000,0.111111111111111 0.111111111111110 0.111111111111109 0.111111111111110 0.111111111111112 0.111111111111113 0.111111111111111 0.111111111111112 0.111111111111112
coopgame-rs,nucleolus,3,10,0,ok,0.004312,0.10000000000000012 0.0999999999999999 0.09999999999999991 0.09999999999999988 0.09999999999999996 0.10000000000000007 0.09999999999999996 0.09999999999999981 0.1 0.10000000000000032
coopgame-rs-full,nucleolus,3,10,0,ok,0.026869,0.10000000000000002 0.10000000000000002 0.10000000000000003 0.10000000000000003 0.09999999999999994 0.09999999999999999 0.09999999999999999 0.1 0.1 0.09999999999999999
CoopGame,nucleolus,3,10,0,ok,0.007000,0.0999999999999999 0.1000000000000000 0.1000000000000000 0.1000000000000000 0.1000000000000000 0.1000000000000002 0.1000000000000000 0.1000000000000000 0.0999999999999999 0.1000000000000001
TUGLab,nucleolus,3,10,0,ok,0.136000,0.1 0.1 0.1 0.1 0.1 0.1 0.1 0.1 0.1 0.1
coopgame-rs,prenucleolus,3,10,0,ok,0.004009,0.10000000000000012 0.0999999999999999 0.09999999999999991 0.09999999999999988 0.09999999999999996 0.10000000000000007 0.09999999999999996 0.09999999999999981 0.1 0.10000000000000032
coopgame-rs-full,prenucleolus,3,10,0,ok,0.027178,0.10000000000000002 0.10000000000000002 0.10000000000000003 0.10000000000000003 0.09999999999999994 0.09999999999999999 0.09999999999999999 0.1 0.1 0.09999999999999999
CoopGame,prenucleolus,3,10,0,ok,0.007000,0.0999999999999999 0.1000000000000000 0.1000000000000000 0.1000000000000000 0.1000000000000000 0.1000000000000002 0.1000000000000000 0.1000000000000000 0.0999999999999999 0.1000000000000001
TUGLab,prenucleolus,3,10,0,ok,0.194000,0.0999999999999987 0.0999999999999987 0.0999999999999987 0.0999999999999987 0.0999999999999987 0.1000000000000006 0.1000000000000035 0.0999999999999975 0.1000000000000021 0.1000000000000027
coopgame-rs,nucleolus,3,10,1,ok,0.004177,0.09999999999999971 0.1000000000000004 0.09999999999999988 0.0999999999999999 0.0999999999999998 0.10000000000000013 0.10000000000000009 0.10000000000000016 0.10000000000000032 0.09999999999999962
coopgame-rs-full,nucleolus,3,10,1,ok,0.025638,0.10000000000000005 0.10000000000000002 0.10000000000000003 0.09999999999999994 0.10000000000000003 0.09999999999999999 0.09999999999999998 0.10000000000000002 0.1 0.1
CoopGame,nucleolus,3,10,1,ok,0.008000,0.0999999999999998 0.1000000000000000 0.1000000000000001 0.1000000000000000 0.1000000000000000 0.1000000000000000 0.1000000000000000 0.1000000000000000 0.1000000000000000 0.1000000000000000
TUGLab,nucleolus,3,10,1,ok,0.137000,0.1 0.1 0.1 0.1 0.1 0.1 0.1 0.1 0.1 0.1
coopgame-rs,prenucleolus,3,10,1,ok,0.003933,0.09999999999999991 0.10000000000000009 0.10000000000000005 0.10000000000000009 0.1 0.1 0.10000000000000014 0.09999999999999994 0.10000000000000005 0.09999999999999987
coopgame-rs-full,prenucleolus,3,10,1,ok,0.026552,0.10000000000000005 0.10000000000000002 0.10000000000000003 0.09999999999999994 0.10000000000000003 0.09999999999999999 0.09999999999999998 0.10000000000000002 0.1 0.1
CoopGame,prenucleolus,3,10,1,ok,0.009000,0.0999999999999998 0.1000000000000000 0.1000000000000001 0.1000000000000000 0.1000000000000000 0.1000000000000000 0.1000000000000000 0.1000000000000000 0.1000000000000000 0.1000000000000000
TUGLab,prenucleolus,3,10,1,ok,0.245000,0.0999999999999979 0.0999999999999976 0.0999999999999979 0.0999999999999982 0.0999999999999980 0.0999999999999982 0.1000000000000040 0.1000000000000042 0.1000000000000009 0.1000000000000031
coopgame-rs,nucleolus,3,10,2,ok,0.004267,0.09999999999999981 0.10000000000000002 0.1 0.1000000000000003 0.09999999999999999 0.09999999999999995 0.09999999999999991 0.10000000000000003 0.10000000000000003 0.1
coopgame-rs-full,nucleolus,3,10,2,ok,0.028415,0.10000000000000002 0.10000000000000002 0.1 0.1 0.1 0.10000000000000005 0.09999999999999999 0.09999999999999996 0.09999999999999998 0.10000000000000006
CoopGame,nucleolus,3,10,2,ok,0.007000,0.1000000000000000 0.1000000000000000 0.1000000000000000 0.0999999999999999 0.0999999999999999 0.1000000000000000 0.1000000000000000 0.1000000000000000 0.1000000000000000 0.1000000000000000
TUGLab,nucleolus,3,10,2,ok,0.134000,0.1 0.1 0.1 0.1 0.1 0.1 0.1 0.1 0.1 0.1
coopgame-rs,prenucleolus,3,10,2,ok,0.004376,0.09999999999999981 0.10000000000000002 0.1 0.1000000000000003 0.09999999999999999 0.09999999999999995 0.09999999999999991 0.10000000000000003 0.10000000000000003 0.1
coopgame-rs-full,prenucleolus,3,10,2,ok,0.028973,0.10000000000000002 0.10000000000000002 0.1 0.1 0.1 0.10000000000000005 0.09999999999999999 0.09999999999999996 0.09999999999999998 0.10000000000000006
CoopGame,prenucleolus,3,10,2,ok,0.007000,0.1000000000000000 0.1000000000000000 0.1000000000000000 0.0999999999999999 0.0999999999999999 0.1000000000000000 0.1000000000000000 0.1000000000000000 0.1000000000000000 0.1000000000000000
TUGLab,prenucleolus,3,10,2,ok,0.232000,0.0999999999999987 0.0999999999999987 0.0999999999999987 0.0999999999999987 0.0999999999999987 0.0999999999999994 0.1000000000000035 0.0999999999999987 0.1000000000000021 0.1000000000000027
coopgame-rs,nucleolus,3,11,0,ok,0.005896,0.09090909090909068 0.0909090909090911 0.09090909090909101 0.09090909090909104 0.09090909090909079 0.09090909090909076 0.09090909090909075 0.09090909090909106 0.09090909090909126 0.0909090909090909 0.09090909090909058
coopgame-rs-full,nucleolus,3,11,0,ok,0.068068,0.09090909090909091 0.0909090909090909 0.09090909090909093 0.09090909090909097 0.09090909090909095 0.09090909090909084 0.09090909090909086 0.09090909090909091 0.0909090909090909 0.09090909090909091 0.09090909090909086
CoopGame,nucleolus,3,11,0,ok,0.018000,0.0909090909090912 0.0909090909090911 0.0909090909090905 0.0909090909090908 0.0909090909090910 0.0909090909090910 0.0909090909090910 0.0909090909090908 0.0909090909090910 0.0909090909090908 0.0909090909090908
TUGLab,nucleolus,3,11,0,ok,0.153000,0.0909090909090909 0.0909090909090909 0.0909090909090909 0.0909090909090909 0.0909090909090909 0.0909090909090909 0.0909090909090909 0.0909090909090909 0.0909090909090909 0.0909090909090909 0.0909090909090909
coopgame-rs,prenucleolus,3,11,0,ok,0.005519,0.09090909090909068 0.0909090909090911 0.09090909090909101 0.09090909090909104 0.09090909090909079 0.09090909090909076 0.09090909090909075 0.09090909090909106 0.09090909090909126 0.0909090909090909 0.09090909090909058
coopgame-rs-full,prenucleolus,3,11,0,ok,0.063937,0.09090909090909091 0.0909090909090909 0.09090909090909093 0.09090909090909097 0.09090909090909095 0.09090909090909084 0.09090909090909086 0.09090909090909091 0.0909090909090909 0.09090909090909091 0.09090909090909086
CoopGame,prenucleolus,3,11,0,ok,0.019000,0.0909090909090912 0.0909090909090911 0.0909090909090905 0.0909090909090908 0.0909090909090910 0.0909090909090910 0.0909090909090910 0.0909090909090908 0.0909090909090910 0.0909090909090908 0.0909090909090908
TUGLab,prenucleolus,3,11,0,error:Execution halted,,
coopgame-rs,nucleolus,3,11,1,ok,0.005393,0.09090909090909098 0.0909090909090909 0.09090909090909134 0.09090909090909076 0.09090909090909131 0.09090909090909118 0.0909090909090907 0.0909090909090907 0.09090909090909063 0.09090909090909065 0.09090909090909101
coopgame-rs-full,nucleolus,3,11,1,ok,0.066099,0.0909090909090909 0.09090909090909093 0.09090909090909095 0.09090909090909095 0.09090909090909094 0.09090909090909093 0.09090909090909094 0.09090909090909091 0.09090909090909093 0.09090909090909093 0.09090909090909095
CoopGame,nucleolus,3,11,1,ok,0.015000,0.0909090909090909 0.0909090909090909 0.0909090909090909 0.0909090909090909 0.0909090909090909 0.0909090909090909 0.0909090909090909 0.0909090909090909 0.0909090909090909 0.0909090909090909 0.0909090909090909
TUGLab,nucleolus,3,11,1,ok,0.175000,0.0909090909090909 0.0909090909090909 0.0909090909090909 0.0909090909090909 0.0909090909090909 0.0909090909090909 0.0909090909090909 0.0909090909090909 0.0909090909090909 0.0909090909090909 0.0909090909090909
coopgame-rs,prenucleolus,3,11,1,ok,0.005457,0.09090909090909098 0.0909090909090909 0.09090909090909134 0.09090909090909076 0.09090909090909131 0.09090909090909118 0.0909090909090907 0.0909090909090907 0.09090909090909063 0.09090909090909065 0.09090909090909101
coopgame-rs-full,prenucleolus,3,11,1,ok,0.065561,0.0909090909090909 0.09090909090909093 0.09090909090909095 0.09090909090909095 0.09090909090909094 0.09090909090909093 0.09090909090909094 0.09090909090909091 0.09090909090909093 0.09090909090909093 0.09090909090909095
CoopGame,prenucleolus,3,11,1,ok,0.013000,0.0909090909090909 0.0909090909090909 0.0909090909090909 0.0909090909090909 0.0909090909090909 0.0909090909090909 0.0909090909090909 0.0909090909090909 0.0909090909090909 0.0909090909090909 0.0909090909090909
TUGLab,prenucleolus,3,11,1,ok,0.339000,0.0909090909090862 0.0909090909090839 0.0909090909090855 0.0909090909090928 0.0909090909090818 0.0909090909091013 0.0909090909090854 0.0909090909090902 0.0909090909090927 0.0909090909091003 0.0909090909090997
coopgame-rs,nucleolus,3,11,2,ok,0.006450,0.09090909090909072 0.09090909090909091 0.09090909090909087 0.0909090909090911 0.090909090909091 0.09090909090909084 0.09090909090909087 0.09090909090909097 0.09090909090909086 0.09090909090909098 0.09090909090909088
coopgame-rs-full,nucleolus,3,11,2,ok,0.070074,0.09090909090909091 0.09090909090909093 0.09090909090909094 0.09090909090909094 0.09090909090909084 0.0909090909090909 0.0909090909090909 0.09090909090909091 0.09090909090909091 0.09090909090909093 0.0909090909090909
CoopGame,nucleolus,3,11,2,ok,0.011000,0.0909090909090910 0.0909090909090910 0.0909090909090909 0.0909090909090909 0.0909090909090910 0.0909090909090909 0.0909090909090910 0.0909090909090909 0.0909090909090909 0.0909090909090909 0.0909090909090909
TUGLab,nucleolus,3,11,2,ok,0.178000,0.0909090909090909 0.0909090909090909 0.0909090909090909 0.0909090909090909 0.0909090909090909 0.0909090909090909 0.0909090909090909 0.0909090909090909 0.0909090909090909 0.0909090909090909 0.0909090909090909
coopgame-rs,prenucleolus,3,11,2,ok,0.006136,0.09090909090909075 0.09090909090909084 0.09090909090909127 0.0909090909090908 0.09090909090909069 0.0909090909090908 0.09090909090909093 0.09090909090909108 0.09090909090909098 0.09090909090909104 0.09090909090909091
coopgame-rs-full,prenucleolus,3,11,2,ok,0.074507,0.09090909090909091 0.09090909090909093 0.09090909090909094 0.09090909090909094 0.09090909090909084 0.0909090909090909 0.0909090909090909 0.09090909090909091 0.09090909090909091 0.09090909090909093 0.0909090909090909
CoopGame,prenucleolus,3,11,2,ok,0.009000,0.0909090909090910 0.0909090909090910 0.0909090909090909 0.0909090909090909 0.0909090909090910 0.0909090909090909 0.0909090909090910 0.0909090909090909 0.0909090909090909 0.0909090909090909 0.0909090909090909
TUGLab,prenucleolus,3,11,2,ok,0.331000,0.0909090909090839 0.0909090909090839 0.0909090909090745 0.0909090909091058 0.0909090909090849 0.0909090909090958 0.0909090909090838 0.0909090909090950 0.0909090909090945 0.0909090909090970 0.0909090909091006
coopgame-rs,nucleolus,3,12,0,ok,0.007929,0.0833333333333333 0.08333333333333333 0.08333333333333343 0.08333333333333316 0.08333333333333327 0.0833333333333333 0.08333333333333333 0.0833333333333334 0.08333333333333329 0.08333333333333344 0.08333333333333323 0.08333333333333334
coopgame-rs-full,nucleolus,3,12,0,ok,0.176274,0.08333333333333337 0.08333333333333333 0.08333333333333343 0.0833333333333333 0.0833333333333333 0.0833333333333333 0.08333333333333326 0.08333333333333326 0.08333333333333333 0.08333333333333334 0.08333333333333334 0.0833333333333333
CoopGame,nucleolus,3,12,0,ok,0.031000,0.0833333333333339 0.0833333333333339 0.0833333333333329 0.0833333333333331 0.0833333333333330 0.0833333333333334 0.0833333333333335 0.0833333333333335 0.0833333333333335 0.0833333333333333 0.0833333333333329 0.0833333333333329
TUGLab,nucleolus,3,12,0,ok,0.210000,0.0833333333333333 0.0833333333333333 0.0833333333333333 0.0833333333333333 0.0833333333333333 0.0833333333333334 0.0833333333333333 0.0833333333333333 0.0833333333333334 0.0833333333333334 0.0833333333333334 0.0833333333333334
coopgame-rs,prenucleolus,3,12,0,ok,0.007961,0.08333333333333356 0.08333333333333355 0.08333333333333319 0.08333333333333336 0.08333333333333347 0.08333333333333354 0.08333333333333334 0.08333333333333347 0.08333333333333316 0.08333333333333315 0.08333333333333309 0.083333333333333
coopgame-rs-full,prenucleolus,3,12,0,ok,0.172835,0.08333333333333337 0.08333333333333333 0.08333333333333343 0.0833333333333333 0.0833333333333333 0.0833333333333333 0.08333333333333326 0.08333333333333326 0.08333333333333333 0.08333333333333334 0.08333333333333334 0.0833333333333333
CoopGame,prenucleolus,3,12,0,ok,0.030000,0.0833333333333339 0.0833333333333339 0.0833333333333329 0.0833333333333331 0.0833333333333330 0.0833333333333335 0.0833333333333335 0.0833333333333335 0.0833333333333335 0.0833333333333333 0.0833333333333330 0.0833333333333330
TUGLab,prenucleolus,3,12,0,ok,0.563000,0.0833333333333276 0.0833333333333426 0.0833333333333272 0.0833333333333271 0.0833333333333290 0.0833333333333309 0.0833333333333418 0.0833333333333443 0.0833333333333237 0.0833333333333405 0.0833333333333372 0.0833333333333280
coopgame-rs,nucleolus,3,12,1,ok,0.007587,0.08333333333333341 0.08333333333333345 0.08333333333333334 0.08333333333333343 0.08333333333333347 0.08333333333333363 0.08333333333333308 0.08333333333333298 0.08333333333333343 0.08333333333333344 0.08333333333333334 0.08333333333333334
coopgame-rs-full,nucleolus,3,12,1,ok,0.168386,0.08333333333333333 0.08333333333333336 0.08333333333333337 0.0833333333333333 0.08333333333333333 0.08333333333333333 0.0833333333333333 0.08333333333333336 0.08333333333333333 0.08333333333333334 0.08333333333333336 0.08333333333333333
CoopGame,nucleolus,3,12,1,ok,0.017000,0.0833333333333332 0.0833333333333333 0.0833333333333333 0.0833333333333333 0.0833333333333333 0.0833333333333333 0.0833333333333334 0.0833333333333333 0.0833333333333334 0.0833333333333333 0.0833333333333333 0.0833333333333334
TUGLab,nucleolus,3,12,1,ok,0.205000,0.0833333333333333 0.0833333333333333 0.0833333333333333 0.0833333333333333 0.0833333333333333 0.0833333333333334 0.0833333333333333 0.0833333333333333 0.0833333333333334 0.0833333333333334 0.0833333333333334 0.0833333333333334
coopgame-rs,prenucleolus,3,12,1,ok,0.008001,0.08333333333333326 0.08333333333333345 0.08333333333333343 0.0833333333333334 0.08333333333333323 0.08333333333333344 0.08333333333333334 0.08333333333333312 0.08333333333333323 0.08333333333333351 0.08333333333333337 0.08333333333333347
coopgame-rs-full,prenucleolus,3,12,1,ok,0.170792,0.08333333333333333 0.08333333333333336 0.08333333333333337 0.0833333333333333 0.08333333333333333 0.08333333333333333 0.0833333333333333 0.08333333333333336 0.08333333333333333 0.08333333333333334 0.08333333333333336 0.08333333333333333
CoopGame,prenucleolus,3,12,1,ok,0.016000,0.0833333333333332 0.0833333333333333 0.0833333333333333 0.0833333333333333 0.0833333333333333 0.0833333333333333 0.0833333333333334 0.0833333333333333 0.0833333333333334 0.0833333333333333 0.0833333333333333 0.0833333333333334
TUGLab,prenucleolus,3,12,1,timeout,,
coopgame-rs,nucleolus,3,12,2,ok,0.009029,0.08333333333333351 0.08333333333333338 0.0833333333333335 0.08333333333333334 0.08333333333333348 0.08333333333333331 0.08333333333333318 0.08333333333333319 0.0833333333333335 0.08333333333333334 0.08333333333333315 0.0833333333333334
coopgame-rs-full,nucleolus,3,12,2,ok,0.156234,0.08333333333333338 0.08333333333333336 0.08333333333333337 0.08333333333333337 0.08333333333333336 0.08333333333333336 0.08333333333333327 0.08333333333333323 0.08333333333333334 0.08333333333333333 0.08333333333333333 0.08333333333333327
CoopGame,nucleolus,3,12,2,ok,0.016000,0.0833333333333333 0.0833333333333333 0.0833333333333333 0.0833333333333333 0.0833333333333333 0.0833333333333333 0.0833333333333333 0.0833333333333333 0.0833333333333333 0.0833333333333333 0.0833333333333333 0.0833333333333334
TUGLab,nucleolus,3,12,2,ok,0.218000,0.0833333333333333 0.0833333333333333 0.0833333333333333 0.0833333333333333 0.0833333333333333 0.0833333333333334 0.0833333333333333 0.0833333333333334 0.0833333333333334 0.0833333333333334 0.0833333333333334 0.0833333333333334
coopgame-rs,prenucleolus,3,12,2,ok,0.011967,0.08333333333333351 0.08333333333333338 0.0833333333333335 0.08333333333333334 0.08333333333333348 0.08333333333333331 0.08333333333333318 0.08333333333333319 0.0833333333333335 0.08333333333333334 0.08333333333333315 0.0833333333333334
coopgame-rs-full,prenucleolus,3,12,2,ok,0.177494,0.08333333333333338 0.08333333333333336 0.08333333333333337 0.08333333333333337 0.08333333333333336 0.08333333333333336 0.08333333333333327 0.08333333333333323 0.08333333333333334 0.08333333333333333 0.08333333333333333 0.08333333333333327
CoopGame,prenucleolus,3,12,2,ok,0.013000,0.0833333333333333 0.0833333333333333 0.0833333333333333 0.0833333333333333 0.0833333333333333 0.0833333333333333 0.0833333333333333 0.0833333333333333 0.0833333333333333 0.0833333333333333 0.0833333333333333 0.0833333333333334
TUGLab,prenucleolus,3,12,2,skipped,,
coopgame-rs,nucleolus,4,4,0,ok,0.000312,1 0.5 0.5 0
coopgame-rs-full,nucleolus,4,4,0,ok,0.000269,1 0.5 0.5 0
CoopGame,nucleolus,4,4,0,ok,0.002000, 1.00000000000000e+00  4.99999999999999e-01  5.00000000000000e-01 -2.22044604925031e-16
TUGLab,nucleolus,4,4,0,ok,0.093000,1.0 0.5 0.5 0.0
coopgame-rs,prenucleolus,4,4,0,ok,0.000379,1 0.5 0.5 0
coopgame-rs-full,prenucleolus,4,4,0,ok,0.000340,1 0.49999999999999994 0.5 -0.00000000000000005551115123125783
CoopGame,prenucleolus,4,4,0,ok,0.002000, 1.00000000000000e+00  4.99999999999999e-01  5.00000000000000e-01 -2.22044604925031e-16
TUGLab,prenucleolus,4,4,0,ok,0.148000,1.0 0.5 0.5 0.0
coopgame-rs,nucleolus,4,4,1,ok,0.000307,0.5 0 1.5 0
coopgame-rs-full,nucleolus,4,4,1,ok,0.000289,0.5 0 1.5 0
CoopGame,nucleolus,4,4,1,ok,0.002000,4.99999999999999e-01 6.66133814775093e-16 1.50000000000000e+00 1.33226762955019e-15
TUGLab,nucleolus,4,4,1,ok,0.105000,0.5 0.0 1.5 0.0
coopgame-rs,prenucleolus,4,4,1,ok,0.000257,0.6666666666666665 0 1.6666666666666665 -0.33333333333333337
coopgame-rs-full,prenucleolus,4,4,1,ok,0.000240,0.6666666666666667 0 1.6666666666666665 -0.3333333333333333
CoopGame,prenucleolus,4,4,1,ok,0.002000, 6.66666666666667e-01 -1.85037170770859e-16  1.66666666666667e+00 -3.33333333333333e-01
TUGLab,prenucleolus,4,4,1,ok,0.172000, 0.666666666666667  0.000000000000000  1.666666666666667 -0.333333333333333
coopgame-rs,nucleolus,4,4,2,ok,0.000259,0 0.6666666666666666 0.6666666666666669 0.6666666666666664
coopgame-rs-full,nucleolus,4,4,2,ok,0.000221,0 0.6666666666666666 0.6666666666666666 0.6666666666666666
CoopGame,nucleolus,4,4,2,ok,0.002000,0.000000000000000 0.666666666666667 0.666666666666667 0.666666666666667
TUGLab,nucleolus,4,4,2,ok,0.110000,0.000000000000000 0.666666666666667 0.666666666666667 0.666666666666667
coopgame-rs,prenucleolus,4,4,2,ok,0.000316,-0.19999999999999996 0.6000000000000001 0.7999999999999995 0.7999999999999997
coopgame-rs-full,prenucleolus,4,4,2,ok,0.000285,-0.19999999999999998 0.6000000000000001 0.8 0.8
CoopGame,prenucleolus,4,4,2,ok,0.002000,-0.2  0.6  0.8  0.8
TUGLab,prenucleolus,4,4,2,ok,0.178000,-0.2  0.6  0.8  0.8
coopgame-rs,nucleolus,4,5,0,ok,0.001182,0.8 1.6 0.9 1.3 0.4
coopgame-rs-full,nucleolus,4,5,0,ok,0.000894,0.8 1.6 0.9 1.3 0.4
CoopGame,nucleolus,4,5,0,ok,0.002000,0.800000000000001 1.600000000000000 0.900000000000000 1.299999999999999 0.400000000000001
TUGLab,nucleolus,4,5,0,ok,0.106000,0.8 1.6 0.9 1.3 0.4
coopgame-rs,prenucleolus,4,5,0,ok,0.001002,0.8 1.6 0.9 1.3 0.4
coopgame-rs-full,prenucleolus,4,5,0,ok,0.000962,0.8 1.6 0.9 1.3 0.4
CoopGame,prenucleolus,4,5,0,ok,0.002000,0.800000000000001 1.600000000000000 0.900000000000000 1.299999999999999 0.400000000000001
TUGLab,prenucleolus,4,5,0,ok,0.172000,0.8 1.6 0.9 1.3 0.4
coopgame-rs,nucleolus,4,5,1,ok,0.000766,0.5 0.6000000000000005 1.7000000000000002 0.5999999999999996 1.5999999999999996
coopgame-rs-full,nucleolus,4,5,1,ok,0.000633,0.5 0.5999999999999992 1.6999999999999997 0.6000000000000005 1.6000000000000005
CoopGame,nucleolus,4,5,1,ok,0.003000,0.499999999999999 0.600000000000001 1.700000000000000 0.600000000000000 1.600000000000000
TUGLab,nucleolus,4,5,1,ok,0.110000,0.5 0.6 1.7 0.6 1.6
coopgame-rs,prenucleolus,4,5,1,ok,0.000615,0.5 0.6000000000000005 1.7000000000000002 0.5999999999999996 1.5999999999999996
coopgame-rs-full,prenucleolus,4,5,1,ok,0.000592,0.5 0.5999999999999992 1.6999999999999997 0.6000000000000005 1.6000000000000005
CoopGame,prenucleolus,4,5,1,ok,0.002000,0.499999999999999 0.600000000000001 1.700000000000001 0.600000000000000 1.600000000000000
TUGLab,prenucleolus,4,5,1,ok,0.164000,0.5 0.6 1.7 0.6 1.6
coopgame-rs,nucleolus,4,5,2,ok,0.000738,0 0.5 0.5 1 0
coopgame-rs-full,nucleolus,4,5,2,ok,0.000541,0 0.5 0.5 1 0
CoopGame,nucleolus,4,5,2,ok,0.003000,-2.88657986402541e-15  4.99999999999997e-01  5.00000000000001e-01  1.00000000000000e+00  1.55431223447522e-15
TUGLab,nucleolus,4,5,2,ok,0.114000,0.0 0.5 0.5 1.0 0.0
coopgame-rs,prenucleolus,4,5,2,ok,0.000769,-1 0 1 2 0
coopgame-rs-full,prenucleolus,4,5,2,ok,0.000598,-1 0 1 2 0
CoopGame,prenucleolus,4,5,2,ok,0.003000,-1.00000000000000e+00 -1.33226762955019e-15  1.00000000000000e+00  2.00000000000000e+00  2.66453525910037e-15
TUGLab,prenucleolus,4,5,2,ok,0.172000,-1.00000000000000e+00  5.55111512312578e-16  1.00000000000000e+00  2.00000000000000e+00 -3.33066907387547e-16
coopgame-rs,nucleolus,4,6,0,ok,0.000947,0.5 1 1 0.5 1 0
coopgame-rs-full,nucleolus,4,6,0,ok,0.001058,0.49999999999999956 1.0000000000000013 1.0000000000000013 0.49999999999999956 0.9999999999999991 -0.0000000000000008881784197001252
CoopGame,nucleolus,4,6,0,ok,0.003000,4.99999999999998e-01 9.99999999999998e-01 1.00000000000000e+00 5.00000000000002e-01 1.00000000000000e+00 1.55431223447522e-15
TUGLab,nucleolus,4,6,0,ok,0.112000,0.5 1.0 1.0 0.5 1.0 0.0
coopgame-rs,prenucleolus,4,6,0,ok,0.001357,0.5000000000000001 0.9999999999999999 1 0.5 0.9999999999999999 -0.00000000000000011102230246251565
coopgame-rs-full,prenucleolus,4,6,0,ok,0.001420,0.5 1 1 0.5 1 0
CoopGame,prenucleolus,4,6,0,ok,0.003000,4.99999999999998e-01 9.99999999999998e-01 1.00000000000000e+00 5.00000000000002e-01 1.00000000000000e+00 1.55431223447522e-15
TUGLab,prenucleolus,4,6,0,ok,0.138000,5.00000000000001e-01 9.99999999999999e-01 1.00000000000000e+00 5.00000000000000e-01 9.99999999999999e-01 2.59052039079203e-16
coopgame-rs,nucleolus,4,6,1,ok,0.001440,0.6666666666666665 1.666666666666667 0.5 0 0.8333333333333335 0.33333333333333304
coopgame-rs-full,nucleolus,4,6,1,ok,0.001446,0.6666666666666666 1.6666666666666672 0.5000000000000006 -0.0000000000000005967448757360216 0.8333333333333334 0.3333333333333327
CoopGame,nucleolus,4,6,1,ok,0.003000, 6.66666666666667e-01  1.66666666666667e+00  5.00000000000001e-01 -1.77635683940025e-15  8.33333333333333e-01  3.33333333333334e-01
TUGLab,nucleolus,4,6,1,ok,0.113000,0.666666666666667 1.666666666666667 0.500000000000000 0.000000000000000 0.833333333333333 0.333333333333333
coopgame-rs,prenucleolus,4,6,1,ok,0.001221,0.8571428571428594 1.5714285714285703 0.8571428571428594 -0.571428571428573 0.5714285714285676 0.7142857142857162
coopgame-rs-full,prenucleolus,4,6,1,ok,0.001177,0.8571428571428555 1.5714285714285723 0.8571428571428559 -0.5714285714285702 0.5714285714285733 0.7142857142857133
CoopGame,prenucleolus,4,6,1,ok,0.002000, 0.857142857142858  1.571428571428571  0.857142857142858 -0.571428571428571  0.571428571428571  0.714285714285715
TUGLab,prenucleolus,4,6,1,ok,0.177000, 0.857142857142857  1.571428571428569  0.857142857142857 -0.571428571428572  0.571428571428571  0.714285714285717
coopgame-rs,nucleolus,4,6,2,ok,0.001407,0.6666666666666667 0.6666666666666666 0.6666666666666666 1.3333333333333333 1.3333333333333333 0.3333333333333333
coopgame-rs-full,nucleolus,4,6,2,ok,0.001518,0.6666666666666665 0.6666666666666669 0.6666666666666665 1.3333333333333333 1.3333333333333328 0.3333333333333335
CoopGame,nucleolus,4,6,2,ok,0.002000,0.666666666666627 0.666666666666687 0.666666666666746 1.333333333333254 1.333333333333313 0.333333333333373
TUGLab,nucleolus,4,6,2,ok,0.117000,0.666666666666667 0.666666666666667 0.666666666666667 1.333333333333333 1.333333333333333 0.333333333333333
coopgame-rs,prenucleolus,4,6,2,ok,0.001434,0.6666666666666662 0.6666666666666671 0.666666666666667 1.333333333333333 1.333333333333334 0.33333333333333304
coopgame-rs-full,prenucleolus,4,6,2,ok,0.001479,0.6666666666666663 0.6666666666666671 0.6666666666666663 1.333333333333333 1.3333333333333341 0.33333333333333354
CoopGame,prenucleolus,4,6,2,ok,0.002000,0.666666666666627 0.666666666666687 0.666666666666746 1.333333333333254 1.333333333333313 0.333333333333373
TUGLab,prenucleolus,4,6,2,ok,0.155000,0.666666666666666 0.666666666666667 0.666666666666668 1.333333333333332 1.333333333333333 0.333333333333334
coopgame-rs,nucleolus,4,7,0,ok,0.001478,0.25000000000000006 0.12500000000000003 0.1249999999999997 0.37500000000000033 1.2500000000000002 1.375 1.4999999999999996
coopgame-rs-full,nucleolus,4,7,0,ok,0.002027,0.24999999999999978 0.12500000000000022 0.12499999999999978 0.3749999999999998 1.2500000000000002 1.3750000000000002 1.5
CoopGame,nucleolus,4,7,0,ok,0.003000,0.250000000000001 0.125000000000000 0.125000000000000 0.375000000000001 1.250000000000001 1.375000000000001 1.500000000000001
TUGLab,nucleolus,4,7,0,ok,0.122000,0.250 0.125 0.125 0.375 1.250 1.375 1.500
coopgame-rs,prenucleolus,4,7,0,ok,0.002555,0.2499999999999999 0.12500000000000036 0.12500000000000036 0.3750000000000002 1.2500000000000007 1.3750000000000007 1.5000000000000004
coopgame-rs-full,prenucleolus,4,7,0,ok,0.002067,0.2500000000000001 0.12500000000000006 0.12500000000000006 0.37500000000000044 1.25 1.375 1.5000000000000002
CoopGame,prenucleolus,4,7,0,ok,0.002000,0.250000000000001 0.125000000000000 0.125000000000000 0.375000000000001 1.250000000000001 1.375000000000001 1.500000000000001
TUGLab,prenucleolus,4,7,0,ok,0.187000,0.250000000000000 0.125000000000000 0.125000000000001 0.375000000000000 1.250000000000000 1.375000000000000 1.499999999999998
coopgame-rs,nucleolus,4,7,1,ok,0.001385,0.2 0 0 0 0.4 0.2 0.19999999999999996
coopgame-rs-full,nucleolus,4,7,1,ok,0.001979,0.2 0 0 0 0.4 0.20000000000000004 0.2
CoopGame,nucleolus,4,7,1,ok,0.003000, 2.00000000000008e-01  0.00000000000000e+00 -1.42108547152015e-14 -1.42108547152015e-14  4.00000000000015e-01  2.00000000000008e-01  1.99999999999993e-01
TUGLab,nucleolus,4,7,1,ok,0.120000,0.2 0.0 0.0 0.0 0.4 0.2 0.2
coopgame-rs,prenucleolus,4,7,1,ok,0.001856,0.20000000000000026 0.0000000000000008604228440844963 -0.0000000000000006661338147750939 0.0000000000000008881784197001252 0.39999999999999863 0.1999999999999995 0.19999999999999937
coopgame-rs-full,prenucleolus,4,7,1,ok,0.002033,0.19999999999999998 0.00000000000000005551115123125783 0 0 0.39999999999999997 0.19999999999999998 0.20000000000000004
CoopGame,prenucleolus,4,7,1,ok,0.003000, 2.00000000000008e-01  0.00000000000000e+00 -1.42108547152015e-14 -1.42108547152015e-14  4.00000000000015e-01  2.00000000000008e-01  1.99999999999993e-01
TUGLab,prenucleolus,4,7,1,ok,0.166000, 2.00000000000001e-01  2.77555756156289e-16 -1.27675647831893e-15 -6.10622663543836e-16  4.00000000000001e-01  2.00000000000001e-01  1.99999999999999e-01
coopgame-rs,nucleolus,4,7,2,ok,0.001477,1 0 0.6666666666666666 0.3333333333333333 1.3333333333333333 1 0.6666666666666666
coopgame-rs-full,nucleolus,4,7,2,ok,0.002681,1 0 0.6666666666666666 0.3333333333333333 1.3333333333333333 1 0.6666666666666666
CoopGame,nucleolus,4,7,2,ok,0.004000,0.999999999999998 0.000000000000000 0.666666666666666 0.333333333333336 1.333333333333334 1.000000000000002 0.666666666666666
TUGLab,nucleolus,4,7,2,ok,0.123000,1.000000000000000 0.000000000000000 0.666666666666667 0.333333333333333 1.333333333333333 1.000000000000000 0.666666666666667
coopgame-rs,prenucleolus,4,7,2,ok,0.003135,0.9999999999999991 0.000000000000000027755575615628914 0.666666666666667 0.3333333333333332 1.333333333333334 1.0000000000000009 0.6666666666666663
coopgame-rs-full,prenucleolus,4,7,2,ok,0.002684,1 0.000000000000000009251858538542963 0.6666666666666679 0.33333333333333304 1.333333333333333 1.0000000000000009 0.6666666666666652
CoopGame,prenucleolus,4,7,2,ok,0.003000,0.999999999999998 0.000000000000000 0.666666666666666 0.333333333333336 1.333333333333334 1.000000000000002 0.666666666666666
TUGLab,prenucleolus,4,7,2,ok,0.168000, 9.99999999999999e-01 -8.14163551391781e-16  6.66666666666668e-01  3.33333333333334e-01  1.33333333333333e+00  1.00000000000000e+00  6.66666666666665e-01
coopgame-rs,nucleolus,4,8,0,ok,0.001923,0.1999999999999997 0.5000000000000003 0.1999999999999999 0.30000000000000027 0.20000000000000018 0.2999999999999997 0.10000000000000031 0.19999999999999962
coopgame-rs-full,nucleolus,4,8,0,ok,0.004116,0.1999999999999999 0.5 0.1999999999999999 0.3 0.19999999999999993 0.30000000000000004 0.09999999999999998 0.2
CoopGame,nucleolus,4,8,0,ok,0.004000,0.1999999999999999 0.4999999999999993 0.1999999999999998 0.2999999999999997 0.1999999999999996 0.2999999999999997 0.0999999999999998 0.1999999999999998
TUGLab,nucleolus,4,8,0,ok,0.112000,0.2 0.5 0.2 0.3 0.2 0.3 0.1 0.2
coopgame-rs,prenucleolus,4,8,0,ok,0.003221,0.20000000000000037 0.49999999999999967 0.19999999999999965 0.3000000000000004 0.20000000000000073 0.3000000000000005 0.09999999999999981 0.19999999999999918
coopgame-rs-full,prenucleolus,4,8,0,ok,0.004206,0.19999999999999996 0.5 0.19999999999999996 0.3 0.2 0.3 0.09999999999999996 0.19999999999999998
CoopGame,prenucleolus,4,8,0,ok,0.003000,0.1999999999999999 0.4999999999999993 0.1999999999999998 0.2999999999999997 0.1999999999999996 0.2999999999999997 0.0999999999999998 0.1999999999999998
TUGLab,prenucleolus,4,8,0,ok,0.169000,0.199999999999996 0.500000000000004 0.199999999999996 0.299999999999994 0.200000000000000 0.299999999999998 0.100000000000007 0.200000000000006
coopgame-rs,nucleolus,4,8,1,ok,0.002695,1.1111111111111112 0.22222222222222157 0.7222222222222221 0 1.1111111111111112 0.7222222222222221 0.5000000000000011 0.6111111111111114
coopgame-rs-full,nucleolus,4,8,1,ok,0.005748,1.1111111111111118 0.22222222222222382 0.7222222222222221 0 1.1111111111111118 0.7222222222222221 0.4999999999999982 0.6111111111111102
CoopGame,nucleolus,4,8,1,ok,0.005000,1.11111111111112e+00 2.22222222222233e-01 7.22222222222217e-01 2.71387850463922e-16 1.11111111111112e+00 7.22222222222215e-01 5.00000000000015e-01 6.11111111111100e-01
TUGLab,nucleolus,4,8,1,error:Execution halted,,
coopgame-rs,prenucleolus,4,8,1,ok,0.004415,1.111111111111112 0.2777777777777784 0.7222222222222223 -0.05555555555555414 1.055555555555558 0.7777777777777762 0.5555555555555516 0.5555555555555558
coopgame-rs-full,prenucleolus,4,8,1,ok,0.007069,1.111111111111111 0.27777777777777835 0.722222222222223 -0.055555555555555663 1.0555555555555558 0.7777777777777782 0.5555555555555558 0.5555555555555556
CoopGame,prenucleolus,4,8,1,ok,0.004000, 1.1111111111111180  0.2777777777777884  0.7222222222222142 -0.0555555555555575  1.0555555555555602  0.7777777777777720  0.5555555555555742  0.5555555555555438
TUGLab,prenucleolus,4,8,1,ok,0.180000, 1.1111111111111138  0.2777777777777761  0.7222222222222210 -0.0555555555555569  1.0555555555555589  0.7777777777777758  0.5555555555555569  0.5555555555555545
coopgame-rs,nucleolus,4,8,2,ok,0.002189,1 1.0000000000000002 1 -0.000000000000000333066907387547 0.9999999999999998 0.49999999999999983 1.5000000000000002 0
coopgame-rs-full,nucleolus,4,8,2,ok,0.004936,1 0.9999999999999999 1 0 1 0.5 1.5 0
CoopGame,nucleolus,4,8,2,ok,0.005000, 9.99999999999959e-01  9.99999999999952e-01  1.00000000000004e+00  4.44089209850064e-15  1.00000000000004e+00  4.99999999999984e-01  1.50000000000002e+00 -2.93098878501046e-14
TUGLab,nucleolus,4,8,2,ok,0.108000,1.0 1.0 1.0 0.0 1.0 0.5 1.5 0.0
coopgame-rs,prenucleolus,4,8,2,ok,0.003139,1 1 1 0.000000000000000027755575615628907 1 0.49999999999999994 1.5 0.0000000000000000000000000000000030814879110195774
coopgame-rs-full,prenucleolus,4,8,2,ok,0.004846,1 1 0.9999999999999999 -0.0000000000000004440892098500626 1.0000000000000002 0.4999999999999998 1.5000000000000002 0.00000000000000011102230246251565
CoopGame,prenucleolus,4,8,2,ok,0.005000, 9.99999999999959e-01  9.99999999999952e-01  1.00000000000004e+00  4.44089209850064e-15  1.00000000000004e+00  4.99999999999984e-01  1.50000000000002e+00 -2.93098878501046e-14
TUGLab,prenucleolus,4,8,2,ok,0.176000, 1.00000000000000e+00  9.99999999999992e-01  1.00000000000000e+00 -7.70970588957554e-15  9.99999999999994e-01  5.00000000000003e-01  1.50000000000000e+00  1.33332498481173e-14
coopgame-rs,nucleolus,4,9,0,ok,0.004913,0.08333333333333415 0.6666666666666659 0.5833333333333337 1.0833333333333333 0.9166666666666661 0.4999999999999996 0.6666666666666667 0.16666666666666613 0.3333333333333343
coopgame-rs-full,nucleolus,4,9,0,ok,0.019811,0.08333333333333279 0.6666666666666672 0.5833333333333338 1.0833333333333333 0.9166666666666673 0.4999999999999998 0.6666666666666666 0.16666666666666607 0.3333333333333329
CoopGame,nucleolus,4,9,0,ok,0.005000,0.0833333333333453 0.6666666666666679 0.5833333333333215 1.0833333333333464 0.9166666666666556 0.5000000000000252 0.6666666666666667 0.1666666666666908 0.3333333333333328
TUGLab,nucleolus,4,9,0,ok,0.124000,0.0833333333333333 0.6666666666666669 0.5833333333333334 1.0833333333333333 0.9166666666666667 0.5000000000000001 0.6666666666666666 0.1666666666666665 0.3333333333333335
coopgame-rs,prenucleolus,4,9,0,ok,0.006500,0.08333333333333504 0.6666666666666645 0.5833333333333314 1.083333333333334 0.9166666666666633 0.5000000000000023 0.6666666666666665 0.16666666666667002 0.33333333333333426
coopgame-rs-full,prenucleolus,4,9,0,ok,0.017719,0.08333333333333301 0.6666666666666676 0.5833333333333336 1.0833333333333344 0.9166666666666676 0.5000000000000007 0.6666666666666665 0.1666666666666668 0.33333333333333265
CoopGame,prenucleolus,4,9,0,ok,0.005000,0.0833333333333454 0.6666666666666680 0.5833333333333215 1.0833333333333466 0.9166666666666559 0.5000000000000252 0.6666666666666667 0.1666666666666909 0.3333333333333328
TUGLab,prenucleolus,4,9,0,ok,0.203000,0.0833333333333406 0.6666666666666651 0.5833333333333280 1.0833333333333368 0.9166666666666585 0.5000000000000077 0.6666666666666655 0.1666666666666728 0.3333333333333254
coopgame-rs,nucleolus,4,9,1,ok,0.003989,0.44444444444444436 0.4444444444444445 0 0.22222222222222224 0.3333333333333334 0 0.6666666666666666 0.5555555555555556 0.33333333333333326
coopgame-rs-full,nucleolus,4,9,1,ok,0.013159,0.4444444444444445 0.4444444444444445 0 0.22222222222222224 0.3333333333333333 0 0.6666666666666666 0.5555555555555556 0.33333333333333337
CoopGame,nucleolus,4,9,1,ok,0.007000, 4.44444444444442e-01  4.44444444444436e-01  3.70074341541713e-17  2.22222222222224e-01  3.33333333333347e-01 -2.61519201356148e-15  6.66666666666670e-01  5.55555555555562e-01  3.33333333333328e-01
TUGLab,nucleolus,4,9,1,ok,0.120000,0.444444444444444 0.444444444444445 0.000000000000000 0.222222222222222 0.333333333333333 0.000000000000000 0.666666666666667 0.555555555555556 0.333333333333333
coopgame-rs,prenucleolus,4,9,1,ok,0.007951,0.5000000000000009 0.4000000000000014 -0.19999999999999796 0.39999999999999913 0.3000000000000005 -0.0000000000000016445178552260131 0.5999999999999988 0.5999999999999994 0.39999999999999936
coopgame-rs-full,prenucleolus,4,9,1,ok,0.013926,0.5000000000000001 0.4000000000000001 -0.19999999999999996 0.4000000000000001 0.30000000000000004 -0.00000000000000019151347174783951 0.6000000000000001 0.6000000000000001 0.3999999999999999
CoopGame,prenucleolus,4,9,1,ok,0.005000, 5.00000000000020e-01  4.00000000000013e-01 -2.00000000000013e-01  3.99999999999999e-01  3.00000000000006e-01 -1.37667655053514e-14  6.00000000000013e-01  5.99999999999985e-01  3.99999999999985e-01
TUGLab,prenucleolus,4,9,1,ok,0.214000, 5.00000000000000e-01  4.00000000000000e-01 -2.00000000000001e-01  4.00000000000001e-01  3.00000000000001e-01 -1.90819582357449e-15  5.99999999999999e-01  6.00000000000001e-01  4.00000000000001e-01
coopgame-rs,nucleolus,4,9,2,ok,0.003932,0.3157894736842106 0.421052631578947 0.6315789473684212 0.6315789473684212 0.2105263157894744 0.21052631578947448 0.31578947368421056 1.0526315789473681 0.2105263157894725
coopgame-rs-full,nucleolus,4,9,2,ok,0.011649,0.3157894736842107 0.4210526315789459 0.631578947368422 0.6315789473684218 0.2105263157894758 0.21052631578947562 0.3157894736842106 1.0526315789473673 0.21052631578947034
CoopGame,nucleolus,4,9,2,ok,0.005000,0.315789473684211 0.421052631578947 0.631578947368420 0.631578947368420 0.210526315789473 0.210526315789473 0.315789473684210 1.052631578947367 0.210526315789473
TUGLab,nucleolus,4,9,2,ok,0.117000,0.315789473684211 0.421052631578946 0.631578947368421 0.631578947368422 0.210526315789474 0.210526315789474 0.315789473684210 1.052631578947368 0.210526315789474
coopgame-rs,prenucleolus,4,9,2,ok,0.007009,0.31578947368421045 0.4210526315789461 0.6315789473684221 0.6315789473684214 0.21052631578947523 0.21052631578947528 0.31578947368420984 1.0526315789473681 0.21052631578947167
coopgame-rs-full,prenucleolus,4,9,2,ok,0.013734,0.31578947368421106 0.4210526315789477 0.6315789473684212 0.6315789473684204 0.2105263157894734 0.21052631578947342 0.31578947368421006 1.0526315789473684 0.21052631578947445
CoopGame,prenucleolus,4,9,2,ok,0.005000,0.315789473684211 0.421052631578947 0.631578947368420 0.631578947368420 0.210526315789473 0.210526315789473 0.315789473684209 1.052631578947366 0.210526315789473
TUGLab,prenucleolus,4,9,2,ok,0.216000,0.315789473684209 0.421052631578949 0.631578947368421 0.631578947368420 0.210526315789474 0.210526315789474 0.315789473684213 1.052631578947369 0.210526315789474
coopgame-rs,nucleolus,4,10,0,ok,0.005469,0.00000000000000000892143501931174 0.32142857142857845 0.42857142857142155 0.45535714285714046 0.1607142857142811 0.29464285714285954 0.4285714285714378 0.16071428571428106 0.21428571428571885 0.535714285714281
coopgame-rs-full,nucleolus,4,10,0,ok,0.042708,-0.000000000000000012205018741693944 0.3214285714285731 0.428571428571427 0.45535714285714224 0.1607142857142847 0.2946428571428579 0.42857142857143066 0.16071428571428464 0.2142857142857152 0.5357142857142846
CoopGame,nucleolus,4,10,0,ok,0.011000,3.86298136336029e-14 3.21428571428575e-01 4.28571428571425e-01 4.55357142857134e-01 1.60714285714307e-01 2.94642857142866e-01 4.28571428571386e-01 1.60714285714268e-01 2.14285714285802e-01 5.35714285714198e-01
TUGLab,nucleolus,4,10,0,ok,0.144000,0.000000000000000 0.321428571428570 0.428571428571429 0.455357142857141 0.160714285714285 0.294642857142856 0.428571428571427 0.160714285714283 0.214285714285713 0.535714285714285
coopgame-rs,prenucleolus,4,10,0,ok,0.011023,-0.00000000000000008326672684688674 0.3214285714285837 0.4285714285714163 0.4553571428571392 0.16071428571427837 0.29464285714286087 0.4285714285714449 0.16071428571427845 0.2142857142857208 0.5357142857142776
coopgame-rs-full,prenucleolus,4,10,0,ok,0.041652,-0.00000000000000180931658544381 0.32142857142856557 0.4285714285714345 0.4553571428571455 0.16071428571428947 0.2946428571428543 0.4285714285714212 0.16071428571429097 0.21428571428570964 0.5357142857142903
CoopGame,prenucleolus,4,10,0,ok,0.011000,3.86298136336029e-14 3.21428571428575e-01 4.28571428571425e-01 4.55357142857134e-01 1.60714285714307e-01 2.94642857142866e-01 4.28571428571386e-01 1.60714285714268e-01 2.14285714285802e-01 5.35714285714198e-01
TUGLab,prenucleolus,4,10,0,ok,0.228000,3.05311331771918e-15 3.21428571428569e-01 4.28571428571432e-01 4.55357142857143e-01 1.60714285714286e-01 2.94642857142858e-01 4.28571428571428e-01 1.60714285714282e-01 2.14285714285718e-01 5.35714285714280e-01
coopgame-rs,nucleolus,4,10,1,ok,0.004089,0.16666666666666782 0.08333333333333397 0.11111111111111073 0.055555555555553575 0.16666666666666788 0.11111111111111074 0.05555555555555713 0.027777777777776777 0.16666666666666785 0.05555555555555356
coopgame-rs-full,nucleolus,4,10,1,ok,0.026218,0.16666666666666785 0.08333333333333393 0.11111111111111072 0.05555555555555357 0.1666666666666679 0.11111111111111072 0.055555555555557135 0.02777777777777677 0.16666666666666788 0.055555555555553554
CoopGame,nucleolus,4,10,1,ok,0.011000,0.1666666666666640 0.0833333333333343 0.1111111111111093 0.0555555555555547 0.1666666666666640 0.1111111111111111 0.0555555555555564 0.0277777777777768 0.1666666666666658 0.0555555555555546
TUGLab,nucleolus,4,10,1,ok,0.152000,0.1666666666666667 0.0833333333333333 0.1111111111111111 0.0555555555555556 0.1666666666666667 0.1111111111111111 0.0555555555555556 0.0277777777777778 0.1666666666666667 0.0555555555555556
coopgame-rs,prenucleolus,4,10,1,ok,0.009302,0.16666666666666244 0.08333333333333748 0.11111111111111253 0.05555555555556245 0.1666666666666687 0.11111111111111253 0.055555555555550015 0.02777777777777499 0.16666666666666236 0.05555555555555625
coopgame-rs-full,prenucleolus,4,10,1,ok,0.028161,0.16666666666666793 0.08333333333333387 0.11111111111111066 0.05555555555555351 0.16666666666666782 0.11111111111111074 0.05555555555555722 0.027777777777776833 0.1666666666666679 0.05555555555555355
CoopGame,prenucleolus,4,10,1,ok,0.012000,0.1666666666666640 0.0833333333333343 0.1111111111111093 0.0555555555555547 0.1666666666666640 0.1111111111111111 0.0555555555555564 0.0277777777777768 0.1666666666666658 0.0555555555555546
TUGLab,prenucleolus,4,10,1,ok,0.224000,0.1666666666666664 0.0833333333333327 0.1111111111111106 0.0555555555555568 0.1666666666666664 0.1111111111111106 0.0555555555555541 0.0277777777777782 0.1666666666666664 0.0555555555555577
coopgame-rs,nucleolus,4,10,2,ok,0.004366,0.28301886792452496 0.5660377358490633 0.11320754716980727 0.4528301886792491 0.2830188679245316 0.39622641509433887 0.33962264150943516 0.3396226415094352 0.169811320754711 0.05660377358490369
coopgame-rs-full,nucleolus,4,10,2,ok,0.030032,0.2830188679245368 0.5660377358490403 0.11320754716982148 0.4528301886792355 0.28301886792452013 0.39622641509434153 0.3396226415094308 0.3396226415094308 0.16981132075473226 0.05660377358491074
CoopGame,nucleolus,4,10,2,ok,0.009000,0.2830188679245378 0.5660377358490756 0.1132075471698002 0.4528301886792380 0.2830188679245378 0.3962264150943380 0.3396226415094379 0.3396226415094379 0.1698113207547002 0.0566037735849001
TUGLab,nucleolus,4,10,2,ok,0.145000,0.2830188679245287 0.5660377358490565 0.1132075471698112 0.4528301886792450 0.2830188679245284 0.3962264150943397 0.3396226415094340 0.3396226415094338 0.1698113207547171 0.0566037735849055
coopgame-rs,prenucleolus,4,10,2,ok,0.010298,0.28301886792452485 0.5660377358490654 0.11320754716980702 0.45283018867924935 0.28301886792453174 0.39622641509433876 0.3396226415094352 0.33962264150943533 0.16981132075470878 0.05660377358490354
coopgame-rs-full,prenucleolus,4,10,2,ok,0.028882,0.28301886792452285 0.5660377358490684 0.11320754716980352 0.4528301886792532 0.2830188679245341 0.39622641509433765 0.33962264150943633 0.33962264150943633 0.16981132075470573 0.05660377358490213
CoopGame,prenucleolus,4,10,2,ok,0.008000,0.2830188679245378 0.5660377358490756 0.1132075471698002 0.4528301886792380 0.2830188679245378 0.3962264150943380 0.3396226415094379 0.3396226415094379 0.1698113207547002 0.0566037735849001
TUGLab,prenucleolus,4,10,2,ok,0.220000,0.2830188679245256 0.5660377358490629 0.1132075471698044 0.4528301886792498 0.2830188679245345 0.3962264150943414 0.3396226415094359 0.3396226415094323 0.1698113207547089 0.0566037735849043
coopgame-rs,nucleolus,4,11,0,ok,0.004644,0.8888888888888897 0 0.8888888888888865 0.0000000000000002220446049250313 0.8888888888888892 0.8888888888888885 0.8888888888888876 0.8888888888888883 0.8888888888888907 0.8888888888888894 0.8888888888888891
coopgame-rs-full,nucleolus,4,11,0,ok,0.067951,0.8888888888888888 0 0.8888888888888892 0.00000000000000007401486830834375 0.8888888888888888 0.8888888888888891 0.8888888888888891 0.888888888888889 0.888888888888889 0.888888888888889 0.8888888888888891
CoopGame,nucleolus,4,11,0,ok,0.011000,0.888888888888887 0.000000000000000 0.888888888888887 0.000000000000000 0.888888888888887 0.888888888888887 0.888888888888887 0.888888888888887 0.888888888888887 0.888888888888887 0.888888888888887
TUGLab,nucleolus,4,11,0,ok,0.194000,0.8889405614736251 0.0420152113371242 0.8651641135257411 0.0730330051756259 0.8889405614737096 0.8882755641815049 0.9217766283059666 0.8075712079550529 0.8561198262228314 0.8397864258392638 1.0474687309103941
coopgame-rs,prenucleolus,4,11,0,ok,0.012710,0.8888888888888832 -0.000000000000005162537064506978 0.888888888888893 0.0000000000000015612511283791264 0.8888888888888843 0.8888888888888943 0.8888888888888912 0.8888888888888907 0.8888888888888875 0.8888888888888897 0.88888888888889
coopgame-rs-full,prenucleolus,4,11,0,ok,0.069173,0.8888888888888887 -0.00000000000000018503717077085943 0.8888888888888887 -0.00000000000000020354088784794538 0.8888888888888887 0.8888888888888888 0.8888888888888886 0.8888888888888888 0.8888888888888887 0.8888888888888888 0.8888888888888886
CoopGame,prenucleolus,4,11,0,ok,0.010000,0.888888888888887 0.000000000000000 0.888888888888887 0.000000000000000 0.888888888888887 0.888888888888887 0.888888888888887 0.888888888888887 0.888888888888887 0.888888888888887 0.888888888888887
TUGLab,prenucleolus,4,11,0,ok,0.244000,8.88888888888896e-01 3.90729115729016e-14 8.88888888888896e-01 7.08252900771811e-14 8.88888888888896e-01 8.88888888888894e-01 8.88888888888932e-01 8.88888888888821e-01 8.88888888888847e-01 8.88888888888862e-01 8.88888888888848e-01
coopgame-rs,nucleolus,4,11,1,ok,0.007204,0.555555555555554 0.0000000000000028337121009480184 0.3968253968253962 0.31746031746031567 0.793650793650795 0.3968253968253963 0.31746031746031855 0.7936507936507922 0.3174603174603188 0.555555555555554 0.5555555555555568
coopgame-rs-full,nucleolus,4,11,1,ok,0.093505,0.5555555555555536 0.000000000000003734666896725182 0.39682539682539736 0.31746031746031583 0.7936507936507948 0.3968253968253977 0.31746031746031955 0.7936507936507908 0.3174603174603157 0.5555555555555536 0.555555555555557
CoopGame,nucleolus,4,11,1,ok,0.016000,5.55555555555537e-01 3.84877315203401e-14 3.96825396825389e-01 3.17460317460296e-01 7.93650793650817e-01 3.96825396825389e-01 3.17460317460335e-01 7.93650793650778e-01 3.17460317460334e-01 5.55555555555537e-01 5.55555555555575e-01
TUGLab,nucleolus,4,11,1,ok,0.193000,0.551604060468219 0.000000000000000 0.546831081243301 0.546831081243309 0.564868426487583 0.280844084610473 0.280844084610447 0.829788690327347 0.285366633134041 0.557453340298895 0.560899588216700
coopgame-rs,prenucleolus,4,11,1,ok,0.013800,0.6249999999999992 -0.1250000000000006 0.3749999999999993 0.3749999999999994 0.7499999999999998 0.37500000000000167 0.2500000000000013 0.874999999999998 0.37499999999999845 0.6250000000000003 0.49999999999999967
coopgame-rs-full,prenucleolus,4,11,1,ok,0.063904,0.6249999999999998 -0.12499999999999997 0.3749999999999999 0.375 0.7499999999999996 0.3749999999999999 0.24999999999999994 0.8749999999999997 0.3749999999999999 0.6249999999999996 0.49999999999999983
CoopGame,prenucleolus,4,11,1,ok,0.020000, 0.625000000000002 -0.125000000000003  0.374999999999997  0.375000000000001  0.750000000000001  0.375000000000001  0.249999999999998  0.875000000000004  0.375000000000005  0.625000000000002  0.500000000000000
TUGLab,prenucleolus,4,11,1,ok,0.253000, 0.624999999999999 -0.124999999999989  0.375000000000024  0.374999999999989  0.750000000000011  0.374999999999989  0.250000000000001  0.874999999999999  0.374999999999988  0.624999999999995  0.499999999999994
coopgame-rs,nucleolus,4,11,2,ok,0.005889,0.5555555555555545 0.3333333333333366 0.6666666666666634 0.44444444444444553 0.4444444444444456 0.44444444444444553 0.3333333333333366 0 0.11111111111110888 0.44444444444444553 0.22222222222221788
coopgame-rs-full,nucleolus,4,11,2,ok,0.092485,0.5555555555555554 0.333333333333334 0.666666666666666 0.44444444444444475 0.44444444444444453 0.44444444444444464 0.333333333333334 0 0.11111111111111066 0.44444444444444464 0.2222222222222214
CoopGame,nucleolus,4,11,2,ok,0.026000,5.55555555555554e-01 3.33333333333331e-01 6.66666666666665e-01 4.44444444444442e-01 4.44444444444445e-01 4.44444444444443e-01 3.33333333333332e-01 2.46716227694477e-15 1.11111111111117e-01 4.44444444444443e-01 2.22222222222220e-01
TUGLab,nucleolus,4,11,2,ok,0.187000,0.555555555555556 0.333333333333333 0.666666666666667 0.444444444444444 0.444444444444444 0.444444444444444 0.333333333333333 0.000000000000000 0.111111111111111 0.444444444444444 0.222222222222222
coopgame-rs,prenucleolus,4,11,2,ok,0.017873,0.6666666666666728 0.33333333333332715 0.6666666666666533 0.44444444444444725 0.44444444444444564 0.44444444444444553 0.22222222222221827 -0.11111111111110927 0.22222222222222782 0.4444444444444438 0.22222222222222773
coopgame-rs-full,prenucleolus,4,11,2,ok,0.085678,0.6666666666666679 0.3333333333333328 0.6666666666666667 0.44444444444444514 0.44444444444444525 0.4444444444444439 0.22222222222222143 -0.11111111111111141 0.22222222222222265 0.44444444444444414 0.22222222222222143
CoopGame,prenucleolus,4,11,2,ok,0.024000, 0.666666666666658  0.333333333333338  0.666666666666671  0.444444444444443  0.444444444444455  0.444444444444443  0.222222222222228 -0.111111111111098  0.222222222222228  0.444444444444443  0.222222222222215
TUGLab,prenucleolus,4,11,2,ok,0.307000, 0.666666666666668  0.333333333333312  0.666666666666690  0.444444444444442  0.444444444444439  0.444444444444445  0.222222222222217 -0.111111111111096  0.222222222222224  0.444444444444447  0.222222222222212
coopgame-rs,nucleolus,4,12,0,ok,0.007690,0.38461538461538686 0.3846153846153821 0.3846153846153837 0.38461538461538536 0.3846153846153828 0.3846153846153852 0.3846153846153831 0.3846153846153849 0.38461538461538575 0.7692307692307714 0.3846153846153859 0.3846153846153833
coopgame-rs-full,nucleolus,4,12,0,ok,0.177864,0.38461538461538464 0.3846153846153848 0.3846153846153847 0.3846153846153842 0.38461538461538447 0.38461538461538464 0.3846153846153846 0.38461538461538447 0.3846153846153844 0.769230769230769 0.3846153846153845 0.38461538461538464
CoopGame,nucleolus,4,12,0,ok,0.030000,0.384615384615385 0.384615384615387 0.384615384615386 0.384615384615384 0.384615384615389 0.384615384615385 0.384615384615388 0.384615384615385 0.384615384615381 0.769230769230768 0.384615384615383 0.384615384615384
TUGLab,nucleolus,4,12,0,ok,0.866000,0.1974287355366826 0.2790762363715098 0.3052860163349684 0.6364396942809788 0.2814694842122663 0.6179501652504092 0.1727965196719865 0.1885356126202918 0.0701983545103096 0.7604102347986500 0.7202117557871502 0.8254606904577034
coopgame-rs,prenucleolus,4,12,0,ok,0.020664,0.384615384615384 0.3846153846153838 0.3846153846153854 0.38461538461538436 0.3846153846153848 0.3846153846153845 0.3846153846153855 0.3846153846153846 0.3846153846153856 0.7692307692307683 0.384615384615384 0.38461538461538397
coopgame-rs-full,prenucleolus,4,12,0,ok,0.172202,0.3846153846153852 0.3846153846153853 0.38461538461538364 0.38461538461538497 0.3846153846153851 0.3846153846153863 0.3846153846153836 0.38461538461538525 0.38461538461538347 0.7692307692307686 0.38461538461538525 0.38461538461538514
CoopGame,prenucleolus,4,12,0,ok,0.030000,0.384615384615385 0.384615384615387 0.384615384615386 0.384615384615384 0.384615384615389 0.384615384615385 0.384615384615388 0.384615384615385 0.384615384615381 0.769230769230768 0.384615384615383 0.384615384615384
TUGLab,prenucleolus,4,12,0,error:Execution halted,,
coopgame-rs,nucleolus,4,12,1,ok,0.010488,0.49999999999999845 0.7999999999999996 0.40000000000000424 0.30000000000000265 0.3999999999999984 0.400000000000001 0.6000000000000018 0.09999999999999547 0.5999999999999993 0.9000000000000017 0.2999999999999996 0.6999999999999977
coopgame-rs-full,nucleolus,4,12,1,ok,0.216520,0.5000000000000008 0.8000000000000003 0.39999999999999875 0.3000000000000004 0.4 0.3999999999999988 0.5999999999999984 0.10000000000000037 0.6000000000000009 0.899999999999999 0.30000000000000027 0.7000000000000018
CoopGame,nucleolus,4,12,1,ok,0.033000,0.499999999999996 0.799999999999995 0.400000000000001 0.299999999999999 0.400000000000001 0.400000000000001 0.599999999999999 0.100000000000002 0.599999999999999 0.899999999999999 0.300000000000000 0.700000000000001
TUGLab,nucleolus,4,12,1,ok,0.394000,0.5000000000000003 0.8000000000000007 0.3999999999999995 0.3000000000000000 0.4000000000000008 0.3999999999999994 0.6000000000000003 0.0999999999999999 0.6000000000000006 0.8999999999999999 0.3000000000000000 0.6999999999999992
coopgame-rs,prenucleolus,4,12,1,ok,0.024362,0.5000000000000064 0.8000000000000003 0.39999999999999 0.29999999999999455 0.4000000000000036 0.3999999999999966 0.5999999999999954 0.10000000000000892 0.600000000000002 0.8999999999999967 0.30000000000000115 0.7000000000000046
coopgame-rs-full,prenucleolus,4,12,1,ok,0.298805,0.49999999999999567 0.799999999999999 0.4000000000000054 0.30000000000000304 0.3999999999999988 0.4000000000000017 0.6000000000000021 0.09999999999999576 0.599999999999999 0.9000000000000017 0.29999999999999954 0.699999999999998
CoopGame,prenucleolus,4,12,1,ok,0.035000,0.499999999999996 0.799999999999995 0.400000000000001 0.299999999999999 0.400000000000001 0.400000000000001 0.599999999999999 0.100000000000002 0.599999999999999 0.899999999999999 0.300000000000000 0.700000000000001
TUGLab,prenucleolus,4,12,1,ok,0.420000,0.499999999999977 0.799999999999956 0.399999999999990 0.299999999999980 0.400000000000006 0.400000000000043 0.599999999999987 0.100000000000029 0.600000000000013 0.899999999999972 0.300000000000027 0.700000000000022
coopgame-rs,nucleolus,4,12,2,ok,0.008534,0.14285714285713785 0.2857142857142866 0.571428571428573 0.2857142857142864 0.2857142857142866 0.571428571428573 0.2857142857142864 0.571428571428573 0.2857142857142864 -0.00000000000000009516197353929909 0.2857142857142863 0.42857142857142444
coopgame-rs-full,nucleolus,4,12,2,ok,0.206784,0.142857142857142 0.285714285714286 0.5714285714285717 0.2857142857142861 0.2857142857142858 0.5714285714285716 0.2857142857142859 0.5714285714285717 0.2857142857142859 0.00000000000000011102230246251565 0.2857142857142859 0.4285714285714276
CoopGame,nucleolus,4,12,2,ok,0.067000,1.42857142857226e-01 2.85714285714246e-01 5.71428571428540e-01 2.85714285714305e-01 2.85714285714303e-01 5.71428571428484e-01 2.85714285714362e-01 5.71428571428551e-01 2.85714285714294e-01 5.84294517531144e-14 2.85714285714303e-01 4.28571428571316e-01
TUGLab,nucleolus,4,12,2,ok,0.440000,0 0 0 0 0 0 0 0 0 0 0 4
coopgame-rs,prenucleolus,4,12,2,ok,0.022592,0.14285714285713635 0.28571428571428625 0.5714285714285723 0.28571428571428703 0.28571428571428914 0.5714285714285721 0.28571428571428703 0.5714285714285724 0.28571428571428603 0.00000000000000016653345369377348 0.2857142857142869 0.4285714285714244
coopgame-rs-full,prenucleolus,4,12,2,ok,0.197784,0.14285714285713685 0.2857142857142868 0.5714285714285727 0.28571428571428664 0.28571428571428675 0.5714285714285741 0.28571428571428714 0.5714285714285727 0.28571428571428664 -0.0000000000000004787836793695988 0.2857142857142867 0.4285714285714232
CoopGame,prenucleolus,4,12,2,ok,0.068000,1.42857142857226e-01 2.85714285714246e-01 5.71428571428540e-01 2.85714285714305e-01 2.85714285714303e-01 5.71428571428484e-01 2.85714285714362e-01 5.71428571428551e-01 2.85714285714294e-01 5.84294517531144e-14 2.85714285714303e-01 4.28571428571316e-01
TUGLab,prenucleolus,4,12,2,ok,0.437000, 1.42857142857052e-01  2.85714285714327e-01  5.71428571428625e-01  2.85714285714242e-01  2.85714285714403e-01  5.71428571428547e-01  2.85714285714319e-01  5.71428571428640e-01  2.85714285714230e-01 -8.58757509547559e-14  2.85714285714321e-01  4.28571428571381e-01
coopgame-rs,nucleolus,5,7,0,ok,0.000641,0.19999999999999996 0.2 0.2 0.2 0.2 0 0
coopgame-rs-full,nucleolus,5,7,0,ok,0.002925,0.19999999999999996 0.2 0.2 0.2 0.2 0 0
CoopGame,nucleolus,5,7,0,ok,0.003000, 2.00000000000000e-01  2.00000000000000e-01  2.00000000000000e-01  2.00000000000000e-01  2.00000000000000e-01  1.11022302462516e-16 -5.55111512312578e-17
TUGLab,nucleolus,5,7,0,ok,0.187000,0.2 0.2 0.2 0.2 0.2 0.0 0.0
coopgame-rs,prenucleolus,5,7,0,ok,0.003278,0.20000000000000007 0.2 0.2 0.2 0.2 0 -0.000000000000000022204460492503132
coopgame-rs-full,prenucleolus,5,7,0,ok,0.004842,0.19999999999999996 0.2 0.2 0.2 0.2 0 0
CoopGame,prenucleolus,5,7,0,ok,0.003000, 2.00000000000000e-01  2.00000000000000e-01  2.00000000000000e-01  2.00000000000000e-01  2.00000000000000e-01  1.11022302462516e-16 -5.55111512312578e-17
TUGLab,prenucleolus,5,7,0,ok,0.186000, 2.00000000000001e-01  2.00000000000000e-01  2.00000000000000e-01  2.00000000000000e-01  2.00000000000000e-01 -2.77555756156289e-17 -2.77555756156289e-17
coopgame-rs,nucleolus,5,7,1,ok,0.000510,0.19999999999999996 0.2 0.2 0.2 0.2 0 0
coopgame-rs-full,nucleolus,5,7,1,ok,0.001724,0.19999999999999996 0.2 0.2 0.2 0.2 0 0
CoopGame,nucleolus,5,7,1,ok,0.003000, 2.00000000000000e-01  2.00000000000000e-01  2.00000000000000e-01  2.00000000000000e-01  2.00000000000000e-01  1.11022302462516e-16 -5.55111512312578e-17
TUGLab,nucleolus,5,7,1,ok,0.111000,0.2 0.2 0.2 0.2 0.2 0.0 0.0
coopgame-rs,prenucleolus,5,7,1,ok,0.004226,0.20000000000000007 0.2 0.2 0.2 0.2 0 -0.000000000000000022204460492503132
coopgame-rs-full,prenucleolus,5,7,1,ok,0.002889,0.19999999999999996 0.2 0.2 0.2 0.2 0 0
CoopGame,prenucleolus,5,7,1,ok,0.003000, 2.00000000000000e-01  2.00000000000000e-01  2.00000000000000e-01  2.00000000000000e-01  2.00000000000000e-01  1.11022302462516e-16 -5.55111512312578e-17
TUGLab,prenucleolus,5,7,1,ok,0.170000, 2.00000000000001e-01  2.00000000000000e-01  2.00000000000000e-01  2.00000000000000e-01  2.00000000000000e-01 -2.77555756156289e-17 -2.77555756156289e-17
coopgame-rs,nucleolus,5,7,2,ok,0.000552,0.19999999999999996 0.2 0.2 0.2 0.2 0 0
coopgame-rs-full,nucleolus,5,7,2,ok,0.001495,0.19999999999999996 0.2 0.2 0.2 0.2 0 0
CoopGame,nucleolus,5,7,2,ok,0.003000, 2.00000000000000e-01  2.00000000000000e-01  2.00000000000000e-01  2.00000000000000e-01  2.00000000000000e-01  1.11022302462516e-16 -5.55111512312578e-17
TUGLab,nucleolus,5,7,2,ok,0.111000,0.2 0.2 0.2 0.2 0.2 0.0 0.0
coopgame-rs,prenucleolus,5,7,2,ok,0.003461,0.20000000000000007 0.2 0.2 0.2 0.2 0 -0.000000000000000022204460492503132
coopgame-rs-full,prenucleolus,5,7,2,ok,0.003292,0.19999999999999996 0.2 0.2 0.2 0.2 0 0
CoopGame,prenucleolus,5,7,2,ok,0.003000, 2.00000000000000e-01  2.00000000000000e-01  2.00000000000000e-01  2.00000000000000e-01  2.00000000000000e-01  1.11022302462516e-16 -5.55111512312578e-17
TUGLab,prenucleolus,5,7,2,ok,0.174000, 2.00000000000001e-01  2.00000000000000e-01  2.00000000000000e-01  2.00000000000000e-01  2.00000000000000e-01 -2.77555756156289e-17 -2.77555756156289e-17
coopgame-rs,nucleolus,5,8,0,ok,0.000670,0.19999999999999996 0.2 0.2 0.2 0.2 0 0 0
coopgame-rs-full,nucleolus,5,8,0,ok,0.003088,0.19999999999999996 0.2 0.2 0.2 0.2 0 0 0
CoopGame,nucleolus,5,8,0,ok,0.004000,2.00000000000000e-01 2.00000000000000e-01 2.00000000000000e-01 2.00000000000000e-01 2.00000000000000e-01 2.77555756156290e-17 1.94289029309403e-16 0.00000000000000e+00
TUGLab,nucleolus,5,8,0,ok,0.118000,0.2 0.2 0.2 0.2 0.2 0.0 0.0 0.0
coopgame-rs,prenucleolus,5,8,0,ok,0.005696,0.20000000000000007 0.2 0.2 0.2 0.2 0 0 -0.000000000000000022204460492503132
coopgame-rs-full,prenucleolus,5,8,0,ok,0.007002,0.19999999999999996 0.2 0.2 0.2 0.2 0 0 0
CoopGame,prenucleolus,5,8,0,ok,0.004000,2.00000000000000e-01 2.00000000000000e-01 2.00000000000000e-01 2.00000000000000e-01 2.00000000000000e-01 2.77555756156290e-17 1.94289029309403e-16 0.00000000000000e+00
TUGLab,prenucleolus,5,8,0,ok,0.174000,0.2 0.2 0.2 0.2 0.2 0.0 0.0 0.0
coopgame-rs,nucleolus,5,8,1,ok,0.000578,0.19999999999999996 0.2 0.2 0.2 0.2 0 0 0
coopgame-rs-full,nucleolus,5,8,1,ok,0.003225,0.19999999999999996 0.2 0.2 0.2 0.2 0 0 0
CoopGame,nucleolus,5,8,1,ok,0.004000,2.00000000000000e-01 2.00000000000000e-01 2.00000000000000e-01 2.00000000000000e-01 2.00000000000000e-01 2.77555756156290e-17 1.94289029309403e-16 0.00000000000000e+00
TUGLab,nucleolus,5,8,1,ok,0.116000,0.2 0.2 0.2 0.2 0.2 0.0 0.0 0.0
coopgame-rs,prenucleolus,5,8,1,ok,0.005655,0.20000000000000007 0.2 0.2 0.2 0.2 0 0 -0.000000000000000022204460492503132
coopgame-rs-full,prenucleolus,5,8,1,ok,0.009818,0.19999999999999996 0.2 0.2 0.2 0.2 0 0 0
CoopGame,prenucleolus,5,8,1,ok,0.004000,2.00000000000000e-01 2.00000000000000e-01 2.00000000000000e-01 2.00000000000000e-01 2.00000000000000e-01 2.77555756156290e-17 1.94289029309403e-16 0.00000000000000e+00
TUGLab,prenucleolus,5,8,1,ok,0.182000,0.2 0.2 0.2 0.2 0.2 0.0 0.0 0.0
coopgame-rs,nucleolus,5,8,2,ok,0.000615,0.19999999999999996 0.2 0.2 0.2 0.2 0 0 0
coopgame-rs-full,nucleolus,5,8,2,ok,0.003171,0.19999999999999996 0.2 0.2 0.2 0.2 0 0 0
CoopGame,nucleolus,5,8,2,ok,0.005000,2.00000000000000e-01 2.00000000000000e-01 2.00000000000000e-01 2.00000000000000e-01 2.00000000000000e-01 2.77555756156290e-17 1.94289029309403e-16 0.00000000000000e+00
TUGLab,nucleolus,5,8,2,ok,0.112000,0.2 0.2 0.2 0.2 0.2 0.0 0.0 0.0
coopgame-rs,prenucleolus,5,8,2,ok,0.005633,0.20000000000000007 0.2 0.2 0.2 0.2 0 0 -0.000000000000000022204460492503132
coopgame-rs-full,prenucleolus,5,8,2,ok,0.007070,0.19999999999999996 0.2 0.2 0.2 0.2 0 0 0
CoopGame,prenucleolus,5,8,2,ok,0.004000,2.00000000000000e-01 2.00000000000000e-01 2.00000000000000e-01 2.00000000000000e-01 2.00000000000000e-01 2.77555756156290e-17 1.94289029309403e-16 0.00000000000000e+00
TUGLab,prenucleolus,5,8,2,ok,0.181000,0.2 0.2 0.2 0.2 0.2 0.0 0.0 0.0
coopgame-rs,nucleolus,5,9,0,ok,0.000918,0.19999999999999996 0.2 0.2 0.2 0.2 0 0 0 0
coopgame-rs-full,nucleolus,5,9,0,ok,0.006518,0.19999999999999996 0.2 0.2 0.2 0.2 0 0 0 0
CoopGame,nucleolus,5,9,0,ok,0.016000, 2.00000000000000e-01  2.00000000000000e-01  2.00000000000000e-01  2.00000000000000e-01  2.00000000000000e-01 -2.77555756156289e-17 -2.77555756156289e-17  8.32667268468867e-17  8.32667268468867e-17
TUGLab,nucleolus,5,9,0,ok,0.118000,0.2 0.2 0.2 0.2 0.2 0.0 0.0 0.0 0.0
coopgame-rs,prenucleolus,5,9,0,ok,0.011464,0.20000000000000007 0.2 0.2 0.2 0.2 0 -0.000000000000000022204460492503132 0 0
coopgame-rs-full,prenucleolus,5,9,0,ok,0.015181,0.19999999999999996 0.2 0.2 0.2 0.2 0 0 0 0
CoopGame,prenucleolus,5,9,0,ok,0.010000, 2.00000000000000e-01  2.00000000000000e-01  2.00000000000000e-01  2.00000000000000e-01  2.00000000000000e-01 -2.77555756156289e-17 -2.77555756156289e-17  8.32667268468867e-17  8.32667268468867e-17
TUGLab,prenucleolus,5,9,0,ok,0.166000,2.00000000000000e-01 2.00000000000000e-01 2.00000000000000e-01 2.00000000000000e-01 2.00000000000000e-01 1.85037170770859e-17 1.85037170770859e-17 1.85037170770859e-17 1.85037170770860e-17
coopgame-rs,nucleolus,5,9,1,ok,0.000955,0.19999999999999996 0.2 0.2 0.2 0.2 0 0 0 0
coopgame-rs-full,nucleolus,5,9,1,ok,0.005383,0.19999999999999996 0.2 0.2 0.2 0.2 0 0 0 0
CoopGame,nucleolus,5,9,1,ok,0.011000, 2.00000000000000e-01  2.00000000000000e-01  2.00000000000000e-01  2.00000000000000e-01  2.00000000000000e-01 -2.77555756156289e-17 -2.77555756156289e-17  8.32667268468867e-17  8.32667268468867e-17
TUGLab,nucleolus,5,9,1,ok,0.112000,0.2 0.2 0.2 0.2 0.2 0.0 0.0 0.0 0.0
coopgame-rs,prenucleolus,5,9,1,ok,0.012508,0.20000000000000007 0.2 0.2 0.2 0.2 0 -0.000000000000000022204460492503132 0 0
coopgame-rs-full,prenucleolus,5,9,1,ok,0.015314,0.19999999999999996 0.2 0.2 0.2 0.2 0 0 0 0
CoopGame,prenucleolus,5,9,1,ok,0.011000, 2.00000000000000e-01  2.00000000000000e-01  2.00000000000000e-01  2.00000000000000e-01  2.00000000000000e-01 -2.77555756156289e-17 -2.77555756156289e-17  8.32667268468867e-17  8.32667268468867e-17
TUGLab,prenucleolus,5,9,1,ok,0.183000,2.00000000000000e-01 2.00000000000000e-01 2.00000000000000e-01 2.00000000000000e-01 2.00000000000000e-01 1.85037170770859e-17 1.85037170770859e-17 1.85037170770859e-17 1.85037170770860e-17
coopgame-rs,nucleolus,5,9,2,ok,0.000908,0.19999999999999996 0.2 0.2 0.2 0.2 0 0 0 0
coopgame-rs-full,nucleolus,5,9,2,ok,0.005785,0.19999999999999996 0.2 0.2 0.2 0.2 0 0 0 0
CoopGame,nucleolus,5,9,2,ok,0.011000, 2.00000000000000e-01  2.00000000000000e-01  2.00000000000000e-01  2.00000000000000e-01  2.00000000000000e-01 -2.77555756156289e-17 -2.77555756156289e-17  8.32667268468867e-17  8.32667268468867e-17
TUGLab,nucleolus,5,9,2,ok,0.115000,0.2 0.2 0.2 0.2 0.2 0.0 0.0 0.0 0.0
coopgame-rs,prenucleolus,5,9,2,ok,0.013067,0.20000000000000007 0.2 0.2 0.2 0.2 0 -0.000000000000000022204460492503132 0 0
coopgame-rs-full,prenucleolus,5,9,2,ok,0.015318,0.19999999999999996 0.2 0.2 0.2 0.2 0 0 0 0
CoopGame,prenucleolus,5,9,2,ok,0.010000, 2.00000000000000e-01  2.00000000000000e-01  2.00000000000000e-01  2.00000000000000e-01  2.00000000000000e-01 -2.77555756156289e-17 -2.77555756156289e-17  8.32667268468867e-17  8.32667268468867e-17
TUGLab,prenucleolus,5,9,2,ok,0.213000,2.00000000000000e-01 2.00000000000000e-01 2.00000000000000e-01 2.00000000000000e-01 2.00000000000000e-01 1.85037170770859e-17 1.85037170770859e-17 1.85037170770859e-17 1.85037170770860e-17
coopgame-rs,nucleolus,5,10,0,ok,0.001357,0.19999999999999996 0.2 0.2 0.2 0.2 0 0 0 0 0
coopgame-rs-full,nucleolus,5,10,0,ok,0.014047,0.19999999999999996 0.2 0.2 0.2 0.2 0 0 0 0 0
CoopGame,nucleolus,5,10,0,ok,0.027000, 2.00000000000000e-01  2.00000000000000e-01  2.00000000000000e-01  2.00000000000000e-01  2.00000000000000e-01 -1.11022302462516e-16 -2.77555756156289e-17 -2.77555756156289e-17 -4.16333634234434e-17 -4.16333634234434e-17
TUGLab,nucleolus,5,10,0,ok,0.144000,0.2 0.2 0.2 0.2 0.2 0.0 0.0 0.0 0.0 0.0
coopgame-rs,prenucleolus,5,10,0,ok,0.031096,0.20000000000000007 0.2 0.2 0.2 0.2 0 0 0 0 -0.000000000000000022204460492503132
coopgame-rs-full,prenucleolus,5,10,0,ok,0.034433,0.19999999999999996 0.2 0.2 0.2 0.2 0 0 0 0 0
CoopGame,prenucleolus,5,10,0,ok,0.031000, 2.00000000000000e-01  2.00000000000000e-01  2.00000000000000e-01  2.00000000000000e-01  2.00000000000000e-01 -1.11022302462516e-16 -2.77555756156289e-17 -2.77555756156289e-17 -4.16333634234434e-17 -4.16333634234434e-17
TUGLab,prenucleolus,5,10,0,ok,0.233000, 2.00000000000000e-01  2.00000000000000e-01  2.00000000000000e-01  2.00000000000000e-01  2.00000000000000e-01 -1.63141105562974e-15 -1.45624253396666e-15  6.14940197528489e-16 -1.70419234279961e-15  2.54672826037626e-15
coopgame-rs,nucleolus,5,10,1,ok,0.001015,0.19999999999999996 0.2 0.2 0.2 0.2 0 0 0 0 0
coopgame-rs-full,nucleolus,5,10,1,ok,0.013647,0.19999999999999996 0.2 0.2 0.2 0.2 0 0 0 0 0
CoopGame,nucleolus,5,10,1,ok,0.032000, 2.00000000000000e-01  2.00000000000000e-01  2.00000000000000e-01  2.00000000000000e-01  2.00000000000000e-01 -1.11022302462516e-16 -2.77555756156289e-17 -2.77555756156289e-17 -4.16333634234434e-17 -4.16333634234434e-17
TUGLab,nucleolus,5,10,1,ok,0.126000,0.2 0.2 0.2 0.2 0.2 0.0 0.0 0.0 0.0 0.0
coopgame-rs,prenucleolus,5,10,1,ok,0.018581,0.20000000000000007 0.2 0.2 0.2 0.2 0 0 0 0 -0.000000000000000022204460492503132
coopgame-rs-full,prenucleolus,5,10,1,ok,0.029365,0.19999999999999996 0.2 0.2 0.2 0.2 0 0 0 0 0
CoopGame,prenucleolus,5,10,1,ok,0.028000, 2.00000000000000e-01  2.00000000000000e-01  2.00000000000000e-01  2.00000000000000e-01  2.00000000000000e-01 -1.11022302462516e-16 -2.77555756156289e-17 -2.77555756156289e-17 -4.16333634234434e-17 -4.16333634234434e-17
TUGLab,prenucleolus,5,10,1,ok,0.223000, 2.00000000000000e-01  2.00000000000000e-01  2.00000000000000e-01  2.00000000000000e-01  2.00000000000000e-01 -1.63141105562974e-15 -1.45624253396666e-15  6.14940197528489e-16 -1.70419234279961e-15  2.54672826037626e-15
coopgame-rs,nucleolus,5,10,2,ok,0.000941,0.19999999999999996 0.2 0.2 0.2 0.2 0 0 0 0 0
coopgame-rs-full,nucleolus,5,10,2,ok,0.013798,0.19999999999999996 0.2 0.2 0.2 0.2 0 0 0 0 0
CoopGame,nucleolus,5,10,2,ok,0.030000, 2.00000000000000e-01  2.00000000000000e-01  2.00000000000000e-01  2.00000000000000e-01  2.00000000000000e-01 -1.11022302462516e-16 -2.77555756156289e-17 -2.77555756156289e-17 -4.16333634234434e-17 -4.16333634234434e-17
TUGLab,nucleolus,5,10,2,ok,0.129000,0.2 0.2 0.2 0.2 0.2 0.0 0.0 0.0 0.0 0.0
coopgame-rs,prenucleolus,5,10,2,ok,0.018669,0.20000000000000007 0.2 0.2 0.2 0.2 0 0 0 0 -0.000000000000000022204460492503132
coopgame-rs-full,prenucleolus,5,10,2,ok,0.040812,0.19999999999999996 0.2 0.2 0.2 0.2 0 0 0 0 0
CoopGame,prenucleolus,5,10,2,ok,0.037000, 2.00000000000000e-01  2.00000000000000e-01  2.00000000000000e-01  2.00000000000000e-01  2.00000000000000e-01 -1.11022302462516e-16 -2.77555756156289e-17 -2.77555756156289e-17 -4.16333634234434e-17 -4.16333634234434e-17
TUGLab,prenucleolus,5,10,2,ok,0.226000, 2.00000000000000e-01  2.00000000000000e-01  2.00000000000000e-01  2.00000000000000e-01  2.00000000000000e-01 -1.63141105562974e-15 -1.45624253396666e-15  6.14940197528489e-16 -1.70419234279961e-15  2.54672826037626e-15
coopgame-rs,nucleolus,5,11,0,ok,0.001270,0.19999999999999996 0.2 0.2 0.2 0.2 0 0 0 0 0 0
coopgame-rs-full,nucleolus,5,11,0,ok,0.031909,0.19999999999999996 0.2 0.2 0.2 0.2 0 0 0 0 0 0
CoopGame,nucleolus,5,11,0,ok,0.158000, 2.00000000000000e-01  2.00000000000000e-01  2.00000000000000e-01  2.00000000000000e-01  2.00000000000000e-01 -1.38777878078145e-17 -1.38777878078145e-17 -1.38777878078145e-17  2.77555756156289e-17  2.77555756156289e-17  2.77555756156289e-17
TUGLab,nucleolus,5,11,0,ok,0.176000,0.2 0.2 0.2 0.2 0.2 0.0 0.0 0.0 0.0 0.0 0.0
coopgame-rs,prenucleolus,5,11,0,ok,0.033907,0.19999999999999996 0.2 0.2 0.2 0.2 0 0 0 0 0 0
coopgame-rs-full,prenucleolus,5,11,0,ok,0.091987,0.19999999999999996 0.2 0.2 0.2 0.2 0 0 0 0 0 0
CoopGame,prenucleolus,5,11,0,ok,0.128000, 2.00000000000000e-01  2.00000000000000e-01  2.00000000000000e-01  2.00000000000000e-01  2.00000000000000e-01 -1.38777878078145e-17 -1.38777878078145e-17 -1.38777878078145e-17  2.77555756156289e-17  2.77555756156289e-17  2.77555756156289e-17
TUGLab,prenucleolus,5,11,0,ok,0.336000, 2.00000000000000e-01  2.00000000000000e-01  2.00000000000000e-01  2.00000000000000e-01  2.00000000000000e-01  1.38777878078145e-16  8.32667268468867e-17  8.32667268468867e-17  1.94289029309402e-16 -5.82867087928207e-16  4.16333634234434e-16
coopgame-rs,nucleolus,5,11,1,ok,0.001457,0.19999999999999996 0.2 0.2 0.2 0.2 0 0 0 0 0 0
coopgame-rs-full,nucleolus,5,11,1,ok,0.030033,0.19999999999999996 0.2 0.2 0.2 0.2 0 0 0 0 0 0
CoopGame,nucleolus,5,11,1,ok,0.128000, 2.00000000000000e-01  2.00000000000000e-01  2.00000000000000e-01  2.00000000000000e-01  2.00000000000000e-01 -1.38777878078145e-17 -1.38777878078145e-17 -1.38777878078145e-17  2.77555756156289e-17  2.77555756156289e-17  2.77555756156289e-17
TUGLab,nucleolus,5,11,1,ok,0.152000,0.2 0.2 0.2 0.2 0.2 0.0 0.0 0.0 0.0 0.0 0.0
coopgame-rs,prenucleolus,5,11,1,ok,0.033766,0.19999999999999996 0.2 0.2 0.2 0.2 0 0 0 0 0 0
coopgame-rs-full,prenucleolus,5,11,1,ok,0.086766,0.19999999999999996 0.2 0.2 0.2 0.2 0 0 0 0 0 0
CoopGame,prenucleolus,5,11,1,ok,0.134000, 2.00000000000000e-01  2.00000000000000e-01  2.00000000000000e-01  2.00000000000000e-01  2.00000000000000e-01 -1.38777878078145e-17 -1.38777878078145e-17 -1.38777878078145e-17  2.77555756156289e-17  2.77555756156289e-17  2.77555756156289e-17
TUGLab,prenucleolus,5,11,1,ok,0.300000, 2.00000000000000e-01  2.00000000000000e-01  2.00000000000000e-01  2.00000000000000e-01  2.00000000000000e-01  1.38777878078145e-16  8.32667268468867e-17  8.32667268468867e-17  1.94289029309402e-16 -5.82867087928207e-16  4.16333634234434e-16
coopgame-rs,nucleolus,5,11,2,ok,0.001542,0.19999999999999996 0.2 0.2 0.2 0.2 0 0 0 0 0 0
coopgame-rs-full,nucleolus,5,11,2,ok,0.030397,0.19999999999999996 0.2 0.2 0.2 0.2 0 0 0 0 0 0
CoopGame,nucleolus,5,11,2,ok,0.129000, 2.00000000000000e-01  2.00000000000000e-01  2.00000000000000e-01  2.00000000000000e-01  2.00000000000000e-01 -1.38777878078145e-17 -1.38777878078145e-17 -1.38777878078145e-17  2.77555756156289e-17  2.77555756156289e-17  2.77555756156289e-17
TUGLab,nucleolus,5,11,2,ok,0.157000,0.2 0.2 0.2 0.2 0.2 0.0 0.0 0.0 0.0 0.0 0.0
coopgame-rs,prenucleolus,5,11,2,ok,0.034055,0.19999999999999996 0.2 0.2 0.2 0.2 0 0 0 0 0 0
coopgame-rs-full,prenucleolus,5,11,2,ok,0.088871,0.19999999999999996 0.2 0.2 0.2 0.2 0 0 0 0 0 0
CoopGame,prenucleolus,5,11,2,ok,0.121000, 2.00000000000000e-01  2.00000000000000e-01  2.00000000000000e-01  2.00000000000000e-01  2.00000000000000e-01 -1.38777878078145e-17 -1.38777878078145e-17 -1.38777878078145e-17  2.77555756156289e-17  2.77555756156289e-17  2.77555756156289e-17
TUGLab,prenucleolus,5,11,2,ok,0.299000, 2.00000000000000e-01  2.00000000000000e-01  2.00000000000000e-01  2.00000000000000e-01  2.00000000000000e-01  1.38777878078145e-16  8.32667268468867e-17  8.32667268468867e-17  1.94289029309402e-16 -5.82867087928207e-16  4.16333634234434e-16
coopgame-rs,nucleolus,5,12,0,ok,0.002698,0.19999999999999996 0.2 0.2 0.2 0.2 0 0 0 0 0 0 0
coopgame-rs-full,nucleolus,5,12,0,ok,0.067410,0.19999999999999996 0.2 0.2 0.2 0.2 0 0 0 0 0 0 0
CoopGame,nucleolus,5,12,0,ok,0.413000,2.00000000000000e-01 2.00000000000000e-01 2.00000000000000e-01 2.00000000000000e-01 2.00000000000000e-01 5.55111512312577e-17 1.11022302462516e-16 1.11022302462516e-16 1.11022302462516e-16 2.77555756156289e-17 2.77555756156289e-17 2.77555756156289e-17
TUGLab,nucleolus,5,12,0,ok,0.198000,0.2 0.2 0.2 0.2 0.2 0.0 0.0 0.0 0.0 0.0 0.0 0.0
coopgame-rs,prenucleolus,5,12,0,ok,0.046612,0.20000000000000007 0.2 0.2 0.2 0.20000000000000007 0.000000000000000011102230246251566 0 0 0 0 0.000000000000000011102230246251566 0
coopgame-rs-full,prenucleolus,5,12,0,ok,0.198070,0.19999999999999996 0.2 0.2 0.2 0.2 0 0 0 0 0 0 0
CoopGame,prenucleolus,5,12,0,ok,0.463000,2.00000000000000e-01 2.00000000000000e-01 2.00000000000000e-01 2.00000000000000e-01 2.00000000000000e-01 5.55111512312577e-17 1.11022302462516e-16 1.11022302462516e-16 1.11022302462516e-16 2.77555756156289e-17 2.77555756156289e-17 2.77555756156289e-17
TUGLab,prenucleolus,5,12,0,ok,0.479000, 1.99999999999999e-01  1.99999999999999e-01  1.99999999999999e-01  1.99999999999999e-01  1.99999999999999e-01  5.76236589308918e-15  6.91576425756087e-15  7.58189807233597e-15  6.80474195509836e-15  6.91576425756087e-15 -2.35660256740920e-14 -4.69223425546438e-15
coopgame-rs,nucleolus,5,12,1,ok,0.002057,0.19999999999999996 0.2 0.2 0.2 0.2 0 0 0 0 0 0 0
coopgame-rs-full,nucleolus,5,12,1,ok,0.067408,0.19999999999999996 0.2 0.2 0.2 0.2 0 0 0 0 0 0 0
CoopGame,nucleolus,5,12,1,ok,0.448000,2.00000000000000e-01 2.00000000000000e-01 2.00000000000000e-01 2.00000000000000e-01 2.00000000000000e-01 5.55111512312577e-17 1.11022302462516e-16 1.11022302462516e-16 1.11022302462516e-16 2.77555756156289e-17 2.77555756156289e-17 2.77555756156289e-17
TUGLab,nucleolus,5,12,1,ok,0.171000,0.2 0.2 0.2 0.2 0.2 0.0 0.0 0.0 0.0 0.0 0.0 0.0
coopgame-rs,prenucleolus,5,12,1,ok,0.047376,0.20000000000000007 0.2 0.2 0.2 0.20000000000000007 0.000000000000000011102230246251566 0 0 0 0 0.000000000000000011102230246251566 0
coopgame-rs-full,prenucleolus,5,12,1,ok,0.221556,0.19999999999999996 0.2 0.2 0.2 0.2 0 0 0 0 0 0 0
CoopGame,prenucleolus,5,12,1,ok,0.462000,2.00000000000000e-01 2.00000000000000e-01 2.00000000000000e-01 2.00000000000000e-01 2.00000000000000e-01 5.55111512312577e-17 1.11022302462516e-16 1.11022302462516e-16 1.11022302462516e-16 2.77555756156289e-17 2.77555756156289e-17 2.77555756156289e-17
TUGLab,prenucleolus,5,12,1,ok,0.534000, 1.99999999999999e-01  1.99999999999999e-01  1.99999999999999e-01  1.99999999999999e-01  1.99999999999999e-01  5.76236589308918e-15  6.91576425756087e-15  7.58189807233597e-15  6.80474195509836e-15  6.91576425756087e-15 -2.35660256740920e-14 -4.69223425546438e-15
coopgame-rs,nucleolus,5,12,2,ok,0.002146,0.19999999999999996 0.2 0.2 0.2 0.2 0 0 0 0 0 0 0
coopgame-rs-full,nucleolus,5,12,2,ok,0.071340,0.19999999999999996 0.2 0.2 0.2 0.2 0 0 0 0 0 0 0
CoopGame,nucleolus,5,12,2,ok,0.510000,2.00000000000000e-01 2.00000000000000e-01 2.00000000000000e-01 2.00000000000000e-01 2.00000000000000e-01 5.55111512312577e-17 1.11022302462516e-16 1.11022302462516e-16 1.11022302462516e-16 2.77555756156289e-17 2.77555756156289e-17 2.77555756156289e-17
TUGLab,nucleolus,5,12,2,ok,0.198000,0.2 0.2 0.2 0.2 0.2 0.0 0.0 0.0 0.0 0.0 0.0 0.0
coopgame-rs,prenucleolus,5,12,2,ok,0.045340,0.20000000000000007 0.2 0.2 0.2 0.20000000000000007 0.000000000000000011102230246251566 0 0 0 0 0.000000000000000011102230246251566 0
coopgame-rs-full,prenucleolus,5,12,2,ok,0.210996,0.19999999999999996 0.2 0.2 0.2 0.2 0 0 0 0 0 0 0
CoopGame,prenucleolus,5,12,2,ok,0.444000,2.00000000000000e-01 2.00000000000000e-01 2.00000000000000e-01 2.00000000000000e-01 2.00000000000000e-01 5.55111512312577e-17 1.11022302462516e-16 1.11022302462516e-16 1.11022302462516e-16 2.77555756156289e-17 2.77555756156289e-17 2.77555756156289e-17
TUGLab,prenucleolus,5,12,2,ok,0.563000, 1.99999999999999e-01  1.99999999999999e-01  1.99999999999999e-01  1.99999999999999e-01  1.99999999999999e-01  5.76236589308918e-15  6.91576425756087e-15  7.58189807233597e-15  6.80474195509836e-15  6.91576425756087e-15 -2.35660256740920e-14 -4.69223425546438e-15
